IDX,Name,Abb,Smiles,Level,Similarity,RamaPic
0,M38,Me-Phe(3-Me),CN[C@@H](Cc1cccc(C)c1)C(=O)O,4,0.364797081623347,https://github.com/ivandon15/syn_data/raw/main/pics/pos5_M38.png
1,M326,,CCC(CC)[C@@H](NC)C(=O)O,4,0.33220768256648375,https://github.com/ivandon15/syn_data/raw/main/pics/pos5_M326.png
2,M17,Me-Phe,CN[C@@H](Cc1ccccc1)C(=O)O,4,0.3037974683544304,https://github.com/ivandon15/syn_data/raw/main/pics/pos5_M17.png
3,M20,Me-Hse(Me),CN[C@@H](CCOC)C(=O)O,4,0.2986620630125162,https://github.com/ivandon15/syn_data/raw/main/pics/pos5_M20.png
4,M332,Asp,N[C@@H](CC(=O)O)C(=O)O,4,0.08459323254139668,https://github.com/ivandon15/syn_data/raw/main/pics/pos5_M332.png
5,M205,,N[C@@H](CCc1cc(Cl)c(Cl)c(Cl)c1)C(=O)O,4,0.05509288917360666,https://github.com/ivandon15/syn_data/raw/main/pics/pos5_M205.png
6,M83,Aze(2),O=C(O)[C@@H]1CCN1,4,0.05385117493472585,https://github.com/ivandon15/syn_data/raw/main/pics/pos5_M83.png
7,M90,Aze(2)(3S-Me),C[C@H]1CN[C@@H]1C(=O)O,4,0.043619791666666664,https://github.com/ivandon15/syn_data/raw/main/pics/pos5_M90.png
8,M91,1-ACPrC,NC1(C(=O)O)CC1,4,0.011274342330030749,https://github.com/ivandon15/syn_data/raw/main/pics/pos5_M91.png
9,M299,cVal(3-F2),NC1(C(=O)O)CC(F)(F)C1,4,0.0029013539651837525,https://github.com/ivandon15/syn_data/raw/main/pics/pos5_M299.png
10,M513,,CN[C@@H](CCN1CCCC(F)(F)C1)C(=O)O,3,0.4646214745175656,https://github.com/ivandon15/syn_data/raw/main/pics/pos5_M513.png
11,M572,,CN[C@@H](CCC1CN(C(=O)OC(C)(C)C)C1)C(=O)O,3,0.4581256231306082,https://github.com/ivandon15/syn_data/raw/main/pics/pos5_M572.png
12,M544,,CN[C@@H](CCc1ccncc1)C(=O)O,3,0.4400990099009901,https://github.com/ivandon15/syn_data/raw/main/pics/pos5_M544.png
13,M545,,CN[C@@H](CCc1cccnc1)C(=O)O,3,0.43461351482741856,https://github.com/ivandon15/syn_data/raw/main/pics/pos5_M545.png
14,M500,,CN[C@@H](CC(=O)N1CCC(F)(F)CC1)C(=O)O,3,0.42429906542056073,https://github.com/ivandon15/syn_data/raw/main/pics/pos5_M500.png
15,M546,,CN[C@@H](Cc1cccc(I)c1)C(=O)O,3,0.42105263157894735,https://github.com/ivandon15/syn_data/raw/main/pics/pos5_M546.png
16,M13,Me-Ala(cBu),CN[C@@H](CC1CCC1)C(=O)O,3,0.4183168316831683,https://github.com/ivandon15/syn_data/raw/main/pics/pos5_M13.png
17,M116,Me-Phe(4-CF3),CN[C@@H](Cc1ccc(C(F)(F)F)cc1)C(=O)O,3,0.4160194174757282,https://github.com/ivandon15/syn_data/raw/main/pics/pos5_M116.png
18,M419,Me-Phe(3-CF3),CN[C@@H](Cc1cccc(C(F)(F)F)c1)C(=O)O,3,0.4149038461538462,https://github.com/ivandon15/syn_data/raw/main/pics/pos5_M419.png
19,M15,Me-Ala(cPent),CN[C@@H](CC1CCCC1)C(=O)O,3,0.4120307553143374,https://github.com/ivandon15/syn_data/raw/main/pics/pos5_M15.png
20,M44,Me-homoPhe,CN[C@@H](CCc1ccccc1)C(=O)O,3,0.4041196665031878,https://github.com/ivandon15/syn_data/raw/main/pics/pos5_M44.png
21,M27,Me-Phe(3-F),CN[C@@H](Cc1cccc(F)c1)C(=O)O,3,0.40283687943262414,https://github.com/ivandon15/syn_data/raw/main/pics/pos5_M27.png
22,M28,Me-Phe(3-Cl),CN[C@@H](Cc1cccc(Cl)c1)C(=O)O,3,0.39981051634296544,https://github.com/ivandon15/syn_data/raw/main/pics/pos5_M28.png
23,M48,Me-Ala(2-Thie),CN[C@@H](Cc1cccs1)C(=O)O,3,0.3969465648854962,https://github.com/ivandon15/syn_data/raw/main/pics/pos5_M48.png
24,M425,,CN[C@@H](Cc1ccccc1OC(F)(F)F)C(=O)O,3,0.3929400836042731,https://github.com/ivandon15/syn_data/raw/main/pics/pos5_M425.png
25,M52,"Me-Phe(3,4-Cl2)",CN[C@@H](Cc1ccc(Cl)c(Cl)c1)C(=O)O,3,0.3912415784408085,https://github.com/ivandon15/syn_data/raw/main/pics/pos5_M52.png
26,M506,,CN[C@@H](CCN1CC(F)(F)C1)C(=O)O,3,0.3896445809565599,https://github.com/ivandon15/syn_data/raw/main/pics/pos5_M506.png
27,M43,Me-Nva(5-Cl2),CN[C@@H](CCC(Cl)Cl)C(=O)O,3,0.38214114258281323,https://github.com/ivandon15/syn_data/raw/main/pics/pos5_M43.png
28,M625,,CN[C@@H](Cc1ccccc1OC)C(=O)O,3,0.3798521256931608,https://github.com/ivandon15/syn_data/raw/main/pics/pos5_M625.png
29,M523,,CN[C@@H](Cc1cncc(OC)c1)C(=O)O,3,0.3772770853307766,https://github.com/ivandon15/syn_data/raw/main/pics/pos5_M523.png
30,M33,Me-Phe(2-F),CN[C@@H](Cc1ccccc1F)C(=O)O,3,0.37632978723404253,https://github.com/ivandon15/syn_data/raw/main/pics/pos5_M33.png
31,M576,,CN[C@@H](CCC(=O)N1CCC1)C(=O)O,3,0.370336669699727,https://github.com/ivandon15/syn_data/raw/main/pics/pos5_M576.png
32,M527,,CN[C@@H](Cc1ccc(OC)cn1)C(=O)O,3,0.364,https://github.com/ivandon15/syn_data/raw/main/pics/pos5_M527.png
33,M547,,CN[C@@H](Cc1cccc(OC)c1)C(=O)O,3,0.3627886323268206,https://github.com/ivandon15/syn_data/raw/main/pics/pos5_M547.png
34,M519,,CN[C@@H](Cc1ccc(OC)nc1)C(=O)O,3,0.36050302748020496,https://github.com/ivandon15/syn_data/raw/main/pics/pos5_M519.png
35,M53,Me-Ala(3-Thie),CN[C@@H](Cc1ccsc1)C(=O)O,3,0.35283363802559414,https://github.com/ivandon15/syn_data/raw/main/pics/pos5_M53.png
36,M411,,CN[C@@H](CC1=CCC(C)C=C1)C(=O)O,3,0.3509812870835235,https://github.com/ivandon15/syn_data/raw/main/pics/pos5_M411.png
37,M579,,CN[C@@H](CC(=O)N(C)C)C(=O)O,3,0.34970707525912575,https://github.com/ivandon15/syn_data/raw/main/pics/pos5_M579.png
38,M35,"Me-Phe(3,4-F2)",CN[C@@H](Cc1ccc(F)c(F)c1)C(=O)O,3,0.3464317976513098,https://github.com/ivandon15/syn_data/raw/main/pics/pos5_M35.png
39,M40,Me-Phe(2-Cl),CN[C@@H](Cc1ccccc1Cl)C(=O)O,3,0.3437902879243661,https://github.com/ivandon15/syn_data/raw/main/pics/pos5_M40.png
40,M530,,CN[C@@H](CC1=NC=S=C1)C(=O)O,3,0.3434389140271493,https://github.com/ivandon15/syn_data/raw/main/pics/pos5_M530.png
41,M418,Me-Tyr(CF3),CN[C@@H](Cc1ccc(OC(F)(F)F)cc1)C(=O)O,3,0.3416289592760181,https://github.com/ivandon15/syn_data/raw/main/pics/pos5_M418.png
42,M577,,CN[C@@H](CCC(=O)N1CCCC1)C(=O)O,3,0.3224932249322493,https://github.com/ivandon15/syn_data/raw/main/pics/pos5_M577.png
43,M37,Me-Phe(2-Me),CN[C@@H](Cc1ccccc1C)C(=O)O,3,0.3075933075933076,https://github.com/ivandon15/syn_data/raw/main/pics/pos5_M37.png
44,M16,Me-Cha,CN[C@@H](CC1CCCCC1)C(=O)O,3,0.3051197357555739,https://github.com/ivandon15/syn_data/raw/main/pics/pos5_M16.png
45,M371,Me-Thr(OMe),CN[C@H](C(=O)O)[C@@H](C)OC,3,0.28935281837160753,https://github.com/ivandon15/syn_data/raw/main/pics/pos5_M371.png
46,M633,,CC[C@H](C)C(NC)C(=O)O,3,0.2824970367443698,https://github.com/ivandon15/syn_data/raw/main/pics/pos5_M633.png
47,M580,,CN[C@@H](CCC(=O)N1CCOCC1)C(=O)O,3,0.27533783783783783,https://github.com/ivandon15/syn_data/raw/main/pics/pos5_M580.png
48,M14,Me-Ala(tBu),CN[C@@H](CC(C)(C)C)C(=O)O,3,0.27135900841080124,https://github.com/ivandon15/syn_data/raw/main/pics/pos5_M14.png
49,M0,Me-Leu,CN[C@@H](CC(C)C)C(=O)O,3,0.2642825992150022,https://github.com/ivandon15/syn_data/raw/main/pics/pos5_M0.png
50,M628,,CN[C@@H](CC1=C=CC=CC1)C(=O)O,3,0.26155187445510025,https://github.com/ivandon15/syn_data/raw/main/pics/pos5_M628.png
51,M322,Me-Chg,CN[C@H](C(=O)O)C1CCCCC1,3,0.24494745351657235,https://github.com/ivandon15/syn_data/raw/main/pics/pos5_M322.png
52,M578,,CN[C@@H](CC(=O)N1CCCCC1)C(=O)O,3,0.22271986970684038,https://github.com/ivandon15/syn_data/raw/main/pics/pos5_M578.png
53,M23,Me-Ser(cPr),CN[C@@H](COC1CC1)C(=O)O,3,0.21860848085631948,https://github.com/ivandon15/syn_data/raw/main/pics/pos5_M23.png
54,M423,Me-Ser(Ph(2-Cl)),CN[C@@H](COc1ccccc1Cl)C(=O)O,3,0.19460112812248187,https://github.com/ivandon15/syn_data/raw/main/pics/pos5_M423.png
55,M103,(MeOEt)Gly,COCCNCC(=O)O,3,0.10825795156113219,https://github.com/ivandon15/syn_data/raw/main/pics/pos5_M103.png
56,M73,Gly(4-THP),N[C@H](C(=O)O)C1CCOCC1,3,0.07879656160458452,https://github.com/ivandon15/syn_data/raw/main/pics/pos5_M73.png
57,M562,,CN(C)C(=O)COCCNCC(=O)O,3,0.07489952502740227,https://github.com/ivandon15/syn_data/raw/main/pics/pos5_M562.png
58,M620,,NCCOCCNCC(=O)O,3,0.07332595462091865,https://github.com/ivandon15/syn_data/raw/main/pics/pos5_M620.png
59,M67,Gly(cBu-3-F2),N[C@H](C(=O)O)C1CC(F)(F)C1,3,0.07264397905759162,https://github.com/ivandon15/syn_data/raw/main/pics/pos5_M67.png
60,M405,EtOEt-Gly,CCOCCNCC(=O)O,3,0.06553755522827688,https://github.com/ivandon15/syn_data/raw/main/pics/pos5_M405.png
61,M498,,N[C@@H](CCc1cccc(C(F)(F)F)c1)C(=O)O,3,0.06434494195688226,https://github.com/ivandon15/syn_data/raw/main/pics/pos5_M498.png
62,M76,Chg,N[C@H](C(=O)O)C1CCCCC1,3,0.06433882961526026,https://github.com/ivandon15/syn_data/raw/main/pics/pos5_M76.png
63,M171,Cha,N[C@@H](CC1CCCCC1)C(=O)O,3,0.061557402277623886,https://github.com/ivandon15/syn_data/raw/main/pics/pos5_M171.png
64,M193,,N[C@@H](CCc1cc(F)c(F)c(F)c1)C(=O)O,3,0.06136724960254372,https://github.com/ivandon15/syn_data/raw/main/pics/pos5_M193.png
65,M203,,N[C@@H](CCc1cc(Cl)c(C(F)(F)F)c(Cl)c1)C(=O)O,3,0.05917159763313609,https://github.com/ivandon15/syn_data/raw/main/pics/pos5_M203.png
66,M457,,N[C@@H](Cc1ccc(Cl)s1)C(=O)O,3,0.05831464274271067,https://github.com/ivandon15/syn_data/raw/main/pics/pos5_M457.png
67,M221,,N[C@@H](CCc1ccc2c(c1)CCC2(F)F)C(=O)O,3,0.058143270157404434,https://github.com/ivandon15/syn_data/raw/main/pics/pos5_M221.png
68,M200,,N[C@@H](CCc1c(F)c(F)c(C(F)(F)F)c(F)c1F)C(=O)O,3,0.056556082148499214,https://github.com/ivandon15/syn_data/raw/main/pics/pos5_M200.png
69,M543,,O=C(O)CNCc1ccccc1,3,0.055503585905830995,https://github.com/ivandon15/syn_data/raw/main/pics/pos5_M543.png
70,M388,Ala(cBu),N[C@@H](CC1CCC1)C(=O)O,3,0.05458290422245108,https://github.com/ivandon15/syn_data/raw/main/pics/pos5_M388.png
71,M535,,N[C@@H](Cc1ccccc1OC(F)(F)F)C(=O)O,3,0.05303558967201675,https://github.com/ivandon15/syn_data/raw/main/pics/pos5_M535.png
72,M568,,COC/C=C/CNCC(=O)O,3,0.05179615705931495,https://github.com/ivandon15/syn_data/raw/main/pics/pos5_M568.png
73,M191,homoPhe(4-CF3-3-Cl),N[C@@H](CCc1ccc(C(F)(F)F)c(Cl)c1)C(=O)O,3,0.050933248971844355,https://github.com/ivandon15/syn_data/raw/main/pics/pos5_M191.png
74,M61,Abu(4-F3),N[C@@H](CC(F)(F)F)C(=O)O,3,0.0499637943519189,https://github.com/ivandon15/syn_data/raw/main/pics/pos5_M61.png
75,M220,,N[C@@H](CCc1ccc(C(F)(F)F)c(C2CC2)c1)C(=O)O,3,0.04675243175400063,https://github.com/ivandon15/syn_data/raw/main/pics/pos5_M220.png
76,M161,"Phe(2-Cl,4-F)",N[C@@H](Cc1ccc(F)cc1Cl)C(=O)O,3,0.04598060681889271,https://github.com/ivandon15/syn_data/raw/main/pics/pos5_M161.png
77,M152,Phe,N[C@@H](Cc1ccccc1)C(=O)O,3,0.0453382084095064,https://github.com/ivandon15/syn_data/raw/main/pics/pos5_M152.png
78,M529,,CC(C)CC(N)C(=O)O,3,0.041550387596899226,https://github.com/ivandon15/syn_data/raw/main/pics/pos5_M529.png
79,M201,Abu(5-Bzt),N[C@@H](CCc1ccc2sccc2c1)C(=O)O,3,0.03776529338327091,https://github.com/ivandon15/syn_data/raw/main/pics/pos5_M201.png
80,M454,,N[C@@H](Cc1cc(F)ccc1F)C(=O)O,3,0.03519887363604365,https://github.com/ivandon15/syn_data/raw/main/pics/pos5_M454.png
81,M237,,N[C@@H](CCc1cc(Cl)c2sccc2c1)C(=O)O,3,0.03446095478975656,https://github.com/ivandon15/syn_data/raw/main/pics/pos5_M237.png
82,M159,"Phe(2,4-F2)",N[C@@H](Cc1ccc(F)cc1F)C(=O)O,3,0.03411513859275053,https://github.com/ivandon15/syn_data/raw/main/pics/pos5_M159.png
83,M451,,N[C@@H](Cc1cncc(Br)c1)C(=O)O,3,0.033637220999685635,https://github.com/ivandon15/syn_data/raw/main/pics/pos5_M451.png
84,M463,,N[C@@H](CCC1=CC(Cl)C(C(F)(F)F)C=C1)C(=O)O,3,0.03291139240506329,https://github.com/ivandon15/syn_data/raw/main/pics/pos5_M463.png
85,M430,Phe(3-I),N[C@@H](Cc1cccc(I)c1)C(=O)O,3,0.032705296836118024,https://github.com/ivandon15/syn_data/raw/main/pics/pos5_M430.png
86,M477,,N[C@@H](CCc1ccc2occc2c1)C(=O)O,3,0.03066914498141264,https://github.com/ivandon15/syn_data/raw/main/pics/pos5_M477.png
87,M223,,N[C@@H](CCc1ccc(C2CC2)c(Cl)c1)C(=O)O,3,0.03013530135301353,https://github.com/ivandon15/syn_data/raw/main/pics/pos5_M223.png
88,M206,"homoPhe(4-Cl-3,5F2)",N[C@@H](CCc1cc(F)c(Cl)c(F)c1)C(=O)O,3,0.030064912880081996,https://github.com/ivandon15/syn_data/raw/main/pics/pos5_M206.png
89,M219,,N[C@@H](CCc1cc(F)c2c(c1)OCC2)C(=O)O,3,0.028244547729710405,https://github.com/ivandon15/syn_data/raw/main/pics/pos5_M219.png
90,M563,,O=C(O)CNC/C=C/CCO,3,0.027611357124251105,https://github.com/ivandon15/syn_data/raw/main/pics/pos5_M563.png
91,M431,homoPhe(3-Cl),N[C@@H](CCc1cccc(Cl)c1)C(=O)O,3,0.02750982493747767,https://github.com/ivandon15/syn_data/raw/main/pics/pos5_M431.png
92,M234,,N[C@@H](CCc1cc(Cl)c(C(F)F)c(Cl)c1)C(=O)O,3,0.021094029317125493,https://github.com/ivandon15/syn_data/raw/main/pics/pos5_M234.png
93,M195,homoPhe(4-CF3-3-F),N[C@@H](CCc1ccc(C(F)(F)F)c(F)c1)C(=O)O,3,0.02036589575422851,https://github.com/ivandon15/syn_data/raw/main/pics/pos5_M195.png
94,M441,,NC(CCc1ccc(C(F)(F)F)c(Cl)c1)C(=O)O,3,0.020320855614973262,https://github.com/ivandon15/syn_data/raw/main/pics/pos5_M441.png
95,M95,Dfe-Gly,O=C(O)CNCC(F)F,3,0.014125956444967627,https://github.com/ivandon15/syn_data/raw/main/pics/pos5_M95.png
96,M497,,N[C@@H](CCc1cc(Cl)ccc1F)C(=O)O,3,0.012044046799724708,https://github.com/ivandon15/syn_data/raw/main/pics/pos5_M497.png
97,M87,NCMe-Gly,N#CCNCC(=O)O,3,0.0073311495866479484,https://github.com/ivandon15/syn_data/raw/main/pics/pos5_M87.png
98,M303,cVal(3-Me2),CC1(C)CC(N)(C(=O)O)C1,3,0.0024103645676408557,https://github.com/ivandon15/syn_data/raw/main/pics/pos5_M303.png
99,M296,cVal,NC1(C(=O)O)CCC1,3,0.0005906674542232723,https://github.com/ivandon15/syn_data/raw/main/pics/pos5_M296.png
100,M109,Et-Phe(4-Me),CCN[C@@H](Cc1ccc(C)cc1)C(=O)O,2,1.0,https://github.com/ivandon15/syn_data/raw/main/pics/pos5_M109.png
101,M123,Butenyl-Phe(4-Me),C=CCCN[C@@H](Cc1ccc(C)cc1)C(=O)O,2,0.5598335067637877,https://github.com/ivandon15/syn_data/raw/main/pics/pos5_M123.png
102,M137,,C=CCCN[C@@H](Cc1ccc(C(F)(F)F)cc1)C(=O)O,2,0.5561147458480121,https://github.com/ivandon15/syn_data/raw/main/pics/pos5_M137.png
103,M134,,CC(C)CCN[C@@H](Cc1ccc(C(F)(F)F)cc1)C(=O)O,2,0.542713567839196,https://github.com/ivandon15/syn_data/raw/main/pics/pos5_M134.png
104,M150,,O=C(O)[C@H](Cc1ccc(C(F)(F)F)cc1)NCCCF,2,0.5307086614173229,https://github.com/ivandon15/syn_data/raw/main/pics/pos5_M150.png
105,M140,,COCCN[C@@H](Cc1ccc(C(F)(F)F)cc1)C(=O)O,2,0.5301618440411967,https://github.com/ivandon15/syn_data/raw/main/pics/pos5_M140.png
106,M157,allyl-Phe,C=CCN[C@@H](Cc1ccccc1)C(=O)O,2,0.520822880080281,https://github.com/ivandon15/syn_data/raw/main/pics/pos5_M157.png
107,M138,,C#CCN[C@@H](Cc1ccc(C(F)(F)F)cc1)C(=O)O,2,0.5182408795602199,https://github.com/ivandon15/syn_data/raw/main/pics/pos5_M138.png
108,M122,Allyl-Phe(4-Me),C=CCN[C@@H](Cc1ccc(C)cc1)C(=O)O,2,0.5140091696383087,https://github.com/ivandon15/syn_data/raw/main/pics/pos5_M122.png
109,M151,,CCCN[C@@H](CC1CCC(F)(F)CC1)C(=O)O,2,0.5139462809917356,https://github.com/ivandon15/syn_data/raw/main/pics/pos5_M151.png
110,M136,allyl-Phe(4-CF3),C=CCN[C@@H](Cc1ccc(C(F)(F)F)cc1)C(=O)O,2,0.5139442231075697,https://github.com/ivandon15/syn_data/raw/main/pics/pos5_M136.png
111,M144,Et-Phe,CCN[C@@H](Cc1ccccc1)C(=O)O,2,0.5093320235756386,https://github.com/ivandon15/syn_data/raw/main/pics/pos5_M144.png
112,M334,Pr-Asp,CCCN[C@@H](CC(=O)O)C(=O)O,2,0.5087991718426501,https://github.com/ivandon15/syn_data/raw/main/pics/pos5_M334.png
113,M142,,CCCN[C@@H](Cc1ccc(OC)cc1)C(=O)O,2,0.5065206051121544,https://github.com/ivandon15/syn_data/raw/main/pics/pos5_M142.png
114,M145,Pr-Phe,CCCN[C@@H](Cc1ccccc1)C(=O)O,2,0.5036649214659686,https://github.com/ivandon15/syn_data/raw/main/pics/pos5_M145.png
115,M126,,COCCN[C@@H](Cc1ccc(C)cc1)C(=O)O,2,0.5028598665395615,https://github.com/ivandon15/syn_data/raw/main/pics/pos5_M126.png
116,M3,Et-Leu,CCN[C@@H](CC(C)C)C(=O)O,2,0.5027486256871564,https://github.com/ivandon15/syn_data/raw/main/pics/pos5_M3.png
117,M107,Et-Phe(4-CF3),CCN[C@@H](Cc1ccc(C(F)(F)F)cc1)C(=O)O,2,0.5012960082944531,https://github.com/ivandon15/syn_data/raw/main/pics/pos5_M107.png
118,M174,,CCCN[C@@H](COCCC(C)C)C(=O)O,2,0.5007556675062972,https://github.com/ivandon15/syn_data/raw/main/pics/pos5_M174.png
119,M141,,COCCCN[C@@H](Cc1ccc(C(F)(F)F)cc1)C(=O)O,2,0.4942528735632184,https://github.com/ivandon15/syn_data/raw/main/pics/pos5_M141.png
120,M131,,O=C(O)[C@H](Cc1ccc(C(F)(F)F)cc1)NCC1CC1,2,0.4878665318503539,https://github.com/ivandon15/syn_data/raw/main/pics/pos5_M131.png
121,M124,,C#CCN[C@@H](Cc1ccc(C)cc1)C(=O)O,2,0.4847576211894053,https://github.com/ivandon15/syn_data/raw/main/pics/pos5_M124.png
122,M135,,CC(C)(C)CCN[C@@H](Cc1ccc(C(F)(F)F)cc1)C(=O)O,2,0.47902764537654907,https://github.com/ivandon15/syn_data/raw/main/pics/pos5_M135.png
123,M612,,CCN[C@@H](Cc1ccccc1Cl)C(=O)O,2,0.47862407862407863,https://github.com/ivandon15/syn_data/raw/main/pics/pos5_M612.png
124,M58,nPr-Leu,CCCN[C@@H](CC(C)C)C(=O)O,2,0.4760204081632653,https://github.com/ivandon15/syn_data/raw/main/pics/pos5_M58.png
125,M139,,O=C(O)[C@H](Cc1ccc(C(F)(F)F)cc1)NCCC(F)(F)F,2,0.47599380485286524,https://github.com/ivandon15/syn_data/raw/main/pics/pos5_M139.png
126,M333,Et-Asp,CCN[C@@H](CC(=O)O)C(=O)O,2,0.47204354280059374,https://github.com/ivandon15/syn_data/raw/main/pics/pos5_M333.png
127,M414,,CCN[C@@H](Cc1ccc(Cl)cc1)C(=O)O,2,0.45914786967418547,https://github.com/ivandon15/syn_data/raw/main/pics/pos5_M414.png
128,M112,,CCCN[C@H](C(=O)O)C1CCCC1,2,0.44930417495029823,https://github.com/ivandon15/syn_data/raw/main/pics/pos5_M112.png
129,M49,Me-Phe(2-CN),CN[C@@H](Cc1ccccc1C#N)C(=O)O,2,0.44413277232351567,https://github.com/ivandon15/syn_data/raw/main/pics/pos5_M49.png
130,M380,,CN[C@@H](COCC(C)(C)O)C(=O)O,2,0.4221501390176089,https://github.com/ivandon15/syn_data/raw/main/pics/pos5_M380.png
131,M501,,CN[C@@H](Cc1ccc(C(F)(F)F)nc1)C(=O)O,2,0.4215686274509804,https://github.com/ivandon15/syn_data/raw/main/pics/pos5_M501.png
132,M381,,CN[C@@H](COCC(=O)NC(C)(C)C)C(=O)O,2,0.41817316841103713,https://github.com/ivandon15/syn_data/raw/main/pics/pos5_M381.png
133,M370,Me-Met(O2),CN[C@@H](CCS(C)(=O)=O)C(=O)O,2,0.4178743961352657,https://github.com/ivandon15/syn_data/raw/main/pics/pos5_M370.png
134,M417,Me-Thr(Bn),CN[C@H](C(=O)O)[C@@H](C)OCc1ccccc1,2,0.41785188818048064,https://github.com/ivandon15/syn_data/raw/main/pics/pos5_M417.png
135,M146,Et-Phe(4-F),CCN[C@@H](Cc1ccc(F)cc1)C(=O)O,2,0.4170731707317073,https://github.com/ivandon15/syn_data/raw/main/pics/pos5_M146.png
136,M127,,COCCCN[C@@H](Cc1ccc(C)cc1)C(=O)O,2,0.41673970201577565,https://github.com/ivandon15/syn_data/raw/main/pics/pos5_M127.png
137,M424,Me-Phe(3-Br),CN[C@@H](Cc1cccc(Br)c1)C(=O)O,2,0.4166266218164344,https://github.com/ivandon15/syn_data/raw/main/pics/pos5_M424.png
138,M374,Me-Nle(CHF2),CN[C@@H](CCCCC(F)F)C(=O)O,2,0.4151219512195122,https://github.com/ivandon15/syn_data/raw/main/pics/pos5_M374.png
139,M567,,CN[C@@H](CC=C1CN(C(=O)OC(C)(C)C)C1)C(=O)O,2,0.4099290780141844,https://github.com/ivandon15/syn_data/raw/main/pics/pos5_M567.png
140,M50,Me-Phe(3-CN),CN[C@@H](Cc1cccc(C#N)c1)C(=O)O,2,0.4047732696897375,https://github.com/ivandon15/syn_data/raw/main/pics/pos5_M50.png
141,M108,Et-Gly(cPent),CCN[C@H](C(=O)O)C1CCCC1,2,0.40309713749413423,https://github.com/ivandon15/syn_data/raw/main/pics/pos5_M108.png
142,M51,Me-Phe(4-CN),CN[C@@H](Cc1ccc(C#N)cc1)C(=O)O,2,0.39490740740740743,https://github.com/ivandon15/syn_data/raw/main/pics/pos5_M51.png
143,M18,Me-Ala(3-Pyr),CN[C@@H](Cc1cccnc1)C(=O)O,2,0.39468599033816426,https://github.com/ivandon15/syn_data/raw/main/pics/pos5_M18.png
144,M422,Me-Phe(4-Br),CN[C@@H](Cc1ccc(Br)cc1)C(=O)O,2,0.3938534278959811,https://github.com/ivandon15/syn_data/raw/main/pics/pos5_M422.png
145,M613,,CN[C@@H](Cc1ccc(C#N)nc1)C(=O)O,2,0.3927376970855232,https://github.com/ivandon15/syn_data/raw/main/pics/pos5_M613.png
146,M421,,CN[C@@H](Cc1cccc(OC(F)(F)F)c1)C(=O)O,2,0.39263803680981596,https://github.com/ivandon15/syn_data/raw/main/pics/pos5_M421.png
147,M42,Me-Nva(5-F2),CN[C@@H](CCC(F)F)C(=O)O,2,0.39059590316573556,https://github.com/ivandon15/syn_data/raw/main/pics/pos5_M42.png
148,M34,Me-Phe(4-F),CN[C@@H](Cc1ccc(F)cc1)C(=O)O,2,0.3900375939849624,https://github.com/ivandon15/syn_data/raw/main/pics/pos5_M34.png
149,M328,Me-D-aIle,CC[C@H](C)[C@@H](NC)C(=O)O,2,0.3899430740037951,https://github.com/ivandon15/syn_data/raw/main/pics/pos5_M328.png
150,M512,,CN[C@@H](Cc1cncc(C)c1)C(=O)O,2,0.3885741265344665,https://github.com/ivandon15/syn_data/raw/main/pics/pos5_M512.png
151,M574,,CN[C@@H](CCC(=O)N1CC(F)(F)C1)C(=O)O,2,0.3864975079293158,https://github.com/ivandon15/syn_data/raw/main/pics/pos5_M574.png
152,M573,,CN[C@@H](CC(=O)N1CCCC1)C(=O)O,2,0.386103781882146,https://github.com/ivandon15/syn_data/raw/main/pics/pos5_M573.png
153,M582,,CN[C@@H](CCC(=O)N1CCCCC1)C(=O)O,2,0.3835920177383592,https://github.com/ivandon15/syn_data/raw/main/pics/pos5_M582.png
154,M47,Me-Gln(Me2),CN[C@@H](CCC(=O)N(C)C)C(=O)O,2,0.38086642599277976,https://github.com/ivandon15/syn_data/raw/main/pics/pos5_M47.png
155,M565,,CN[C@@H](CCC1CCOCC1)C(=O)O,2,0.38,https://github.com/ivandon15/syn_data/raw/main/pics/pos5_M565.png
156,M376,Me-homoLeu,CN[C@@H](CCC(C)C)C(=O)O,2,0.37868162692847124,https://github.com/ivandon15/syn_data/raw/main/pics/pos5_M376.png
157,M286,Me-Ser(O-Isoamyl),CN[C@@H](COCCC(C)C)C(=O)O,2,0.37755102040816324,https://github.com/ivandon15/syn_data/raw/main/pics/pos5_M286.png
158,M331,Me-Asp,CN[C@@H](CC(=O)O)C(=O)O,2,0.3738532110091743,https://github.com/ivandon15/syn_data/raw/main/pics/pos5_M331.png
159,M24,Me-Ser(Tfe),CN[C@@H](COCC(F)(F)F)C(=O)O,2,0.3652837386742966,https://github.com/ivandon15/syn_data/raw/main/pics/pos5_M24.png
160,M412,Me-Phe(4-I),CN[C@@H](Cc1ccc(I)cc1)C(=O)O,2,0.3523809523809524,https://github.com/ivandon15/syn_data/raw/main/pics/pos5_M412.png
161,M36,Me-Phe(4-Cl),CN[C@@H](Cc1ccc(Cl)cc1)C(=O)O,2,0.35170842824601367,https://github.com/ivandon15/syn_data/raw/main/pics/pos5_M36.png
162,M320,Me-Gly(cPent),CN[C@H](C(=O)O)C1CCCC1,2,0.3448566610455312,https://github.com/ivandon15/syn_data/raw/main/pics/pos5_M320.png
163,M570,,CN[C@@H](CC=C1CCOCC1)C(=O)O,2,0.34310581768208886,https://github.com/ivandon15/syn_data/raw/main/pics/pos5_M570.png
164,M614,,CN[C@@H](Cc1ccc(O)c(F)c1)C(=O)O,2,0.3384685092886271,https://github.com/ivandon15/syn_data/raw/main/pics/pos5_M614.png
165,M26,Me-Ala(4-Thz),CN[C@@H](Cc1cscn1)C(=O)O,2,0.3337628865979381,https://github.com/ivandon15/syn_data/raw/main/pics/pos5_M26.png
166,M528,,CN[C@@H](COCc1cncc(F)c1)C(=O)O,2,0.33318223028105165,https://github.com/ivandon15/syn_data/raw/main/pics/pos5_M528.png
167,M413,Me-Tyr(OMe),CN[C@@H](Cc1ccc(OC)cc1)C(=O)O,2,0.329153605015674,https://github.com/ivandon15/syn_data/raw/main/pics/pos5_M413.png
168,M39,Me-Phe(4-Me),CN[C@@H](Cc1ccc(C)cc1)C(=O)O,2,0.3251121076233184,https://github.com/ivandon15/syn_data/raw/main/pics/pos5_M39.png
169,M2,Me-Abu(4-F3),CN[C@@H](CC(F)(F)F)C(=O)O,2,0.31721384205856257,https://github.com/ivandon15/syn_data/raw/main/pics/pos5_M2.png
170,M503,,CN[C@@H](Cc1ccncc1)C(=O)O,2,0.315377932232841,https://github.com/ivandon15/syn_data/raw/main/pics/pos5_M503.png
171,M285,,CCCOC[C@@H](NC)C(=O)O,2,0.3149220489977728,https://github.com/ivandon15/syn_data/raw/main/pics/pos5_M285.png
172,M420,,CN[C@@H](Cc1ccccc1C(F)(F)F)C(=O)O,2,0.3128249566724437,https://github.com/ivandon15/syn_data/raw/main/pics/pos5_M420.png
173,M46,Me-Cys(Me),CN[C@@H](CSC)C(=O)O,2,0.3092224231464738,https://github.com/ivandon15/syn_data/raw/main/pics/pos5_M46.png
174,M548,,CN[C@@H](Cc1ccc(C(F)F)cc1)C(=O)O,2,0.3076225045372051,https://github.com/ivandon15/syn_data/raw/main/pics/pos5_M548.png
175,M377,Me-Ser(OcBu),CN[C@@H](COC1CCC1)C(=O)O,2,0.2982683982683983,https://github.com/ivandon15/syn_data/raw/main/pics/pos5_M377.png
176,M504,,CN[C@@H](CC(=O)N1CC(F)(F)C1)C(=O)O,2,0.29770992366412213,https://github.com/ivandon15/syn_data/raw/main/pics/pos5_M504.png
177,M19,Me-Ser(Me),CN[C@@H](COC)C(=O)O,2,0.2970624741414977,https://github.com/ivandon15/syn_data/raw/main/pics/pos5_M19.png
178,M25,Me-Abu(4-F2),CN[C@@H](CC(F)F)C(=O)O,2,0.2946750902527076,https://github.com/ivandon15/syn_data/raw/main/pics/pos5_M25.png
179,M575,,CN[C@@H](CC(=O)N1CCC1)C(=O)O,2,0.2943530457981325,https://github.com/ivandon15/syn_data/raw/main/pics/pos5_M575.png
180,M12,Me-Ala(cPr),CN[C@@H](CC1CC1)C(=O)O,2,0.27632144391920926,https://github.com/ivandon15/syn_data/raw/main/pics/pos5_M12.png
181,M5,Me-Gly(cBu),CN[C@H](C(=O)O)C1CCC1,2,0.1995421594811141,https://github.com/ivandon15/syn_data/raw/main/pics/pos5_M5.png
182,M57,Me-Gly(cPr),CN[C@H](C(=O)O)C1CC1,2,0.1992619926199262,https://github.com/ivandon15/syn_data/raw/main/pics/pos5_M57.png
183,M538,,CC[C@@H](NC)C(=O)O,2,0.19808970099667775,https://github.com/ivandon15/syn_data/raw/main/pics/pos5_M538.png
184,M45,Me-Val,CN[C@H](C(=O)O)C(C)C,2,0.1977510663047693,https://github.com/ivandon15/syn_data/raw/main/pics/pos5_M45.png
185,M571,,CN(C)C(=O)/C=C/CNCC(=O)O,2,0.13894933167547405,https://github.com/ivandon15/syn_data/raw/main/pics/pos5_M571.png
186,M553,,O=C(O)CNCc1cccnc1,2,0.11200995644057249,https://github.com/ivandon15/syn_data/raw/main/pics/pos5_M553.png
187,M552,,COCCOCCNCC(=O)O,2,0.09827434922491957,https://github.com/ivandon15/syn_data/raw/main/pics/pos5_M552.png
188,M86,nPr-Gly,CCCNCC(=O)O,2,0.09602954755309326,https://github.com/ivandon15/syn_data/raw/main/pics/pos5_M86.png
189,M569,,CN(C)C(=O)CCCNCC(=O)O,2,0.08983890954151177,https://github.com/ivandon15/syn_data/raw/main/pics/pos5_M569.png
190,M80,Et-Gly,CCNCC(=O)O,2,0.08784029038112523,https://github.com/ivandon15/syn_data/raw/main/pics/pos5_M80.png
191,M617,,O=C(O)CNCCC1CNC1,2,0.07044152342433435,https://github.com/ivandon15/syn_data/raw/main/pics/pos5_M617.png
192,M532,,O=C1CCN[C@H](C(=O)O)C1,2,0.06985525487728131,https://github.com/ivandon15/syn_data/raw/main/pics/pos5_M532.png
193,M407,isoBu-Gly,CC(C)CNCC(=O)O,2,0.06984866123399301,https://github.com/ivandon15/syn_data/raw/main/pics/pos5_M407.png
194,M62,Gly(cBu),N[C@H](C(=O)O)C1CCC1,2,0.061472480343102216,https://github.com/ivandon15/syn_data/raw/main/pics/pos5_M62.png
195,M63,Gly(cPent),N[C@H](C(=O)O)C1CCCC1,2,0.060123143788482436,https://github.com/ivandon15/syn_data/raw/main/pics/pos5_M63.png
196,M93,Pra-Gly,C#CCNCC(=O)O,2,0.05734555128584097,https://github.com/ivandon15/syn_data/raw/main/pics/pos5_M93.png
197,M75,D-Allo-Ile,CC[C@H](C)[C@@H](N)C(=O)O,2,0.05499325236167341,https://github.com/ivandon15/syn_data/raw/main/pics/pos5_M75.png
198,M166,Ala(thiazol-2-yl),N[C@@H](Cc1nccs1)C(=O)O,2,0.048295454545454544,https://github.com/ivandon15/syn_data/raw/main/pics/pos5_M166.png
199,M432,Phe(3-F),N[C@@H](Cc1cccc(F)c1)C(=O)O,2,0.04764890282131661,https://github.com/ivandon15/syn_data/raw/main/pics/pos5_M432.png
200,M557,,O=C(O)CNCCc1cccnc1,2,0.04739069111424542,https://github.com/ivandon15/syn_data/raw/main/pics/pos5_M557.png
201,M445,,N[C@@H](Cc1cc(Br)ccc1F)C(=O)O,2,0.047292666209732694,https://github.com/ivandon15/syn_data/raw/main/pics/pos5_M445.png
202,M269,,CCCCO[C@H]1CN[C@H](C(=O)O)C1,2,0.046875,https://github.com/ivandon15/syn_data/raw/main/pics/pos5_M269.png
203,M408,isoamyl-Gly,CC(C)CCNCC(=O)O,2,0.04654895666131621,https://github.com/ivandon15/syn_data/raw/main/pics/pos5_M408.png
204,M172,Cha(4-F2),N[C@@H](CC1CCC(F)(F)CC1)C(=O)O,2,0.046185425932261374,https://github.com/ivandon15/syn_data/raw/main/pics/pos5_M172.png
205,M94,Mfe-Gly,O=C(O)CNCCF,2,0.04560357675111774,https://github.com/ivandon15/syn_data/raw/main/pics/pos5_M94.png
206,M268,,O=C(O)[C@@H]1C[C@@H](OCCC(F)(F)F)CN1,2,0.04535479151426482,https://github.com/ivandon15/syn_data/raw/main/pics/pos5_M268.png
207,M188,D-Phe(4-Me),Cc1ccc(C[C@@H](N)C(=O)O)cc1,2,0.045187248529866914,https://github.com/ivandon15/syn_data/raw/main/pics/pos5_M188.png
208,M605,,Cc1ccccc1CO[C@H]1CN[C@H](C(=O)O)C1,2,0.04409107336465486,https://github.com/ivandon15/syn_data/raw/main/pics/pos5_M605.png
209,M560,,O=C(O)CNCCOCC(F)F,2,0.0433574207893274,https://github.com/ivandon15/syn_data/raw/main/pics/pos5_M560.png
210,M448,,N[C@@H](Cc1cc(Cl)ccc1Br)C(=O)O,2,0.04298486932599725,https://github.com/ivandon15/syn_data/raw/main/pics/pos5_M448.png
211,M154,Phe(4-Cl),N[C@@H](Cc1ccc(Cl)cc1)C(=O)O,2,0.04296875,https://github.com/ivandon15/syn_data/raw/main/pics/pos5_M154.png
212,M520,,N[C@@H](Cc1ccccc1Cl)C(=O)O,2,0.04214285714285714,https://github.com/ivandon15/syn_data/raw/main/pics/pos5_M520.png
213,M149,Phe(4-CF3),N[C@@H](Cc1ccc(C(F)(F)F)cc1)C(=O)O,2,0.041020337814546705,https://github.com/ivandon15/syn_data/raw/main/pics/pos5_M149.png
214,M446,,N[C@@H](Cc1c(F)cccc1F)C(=O)O,2,0.040978189028420355,https://github.com/ivandon15/syn_data/raw/main/pics/pos5_M446.png
215,M183,Phe(cPr),N[C@@H](Cc1ccc(C2CC2)cc1)C(=O)O,2,0.03967119370979271,https://github.com/ivandon15/syn_data/raw/main/pics/pos5_M183.png
216,M494,,N[C@@H](CCc1c(F)cc(F)cc1F)C(=O)O,2,0.039468963042698244,https://github.com/ivandon15/syn_data/raw/main/pics/pos5_M494.png
217,M271,,O=C(O)[C@@H]1C[C@@H](OCC2CCCC2)CN1,2,0.039378612716763,https://github.com/ivandon15/syn_data/raw/main/pics/pos5_M271.png
218,M175,"Phe(2-F,4-Cl)",N[C@@H](Cc1ccc(Cl)cc1F)C(=O)O,2,0.03918824352694192,https://github.com/ivandon15/syn_data/raw/main/pics/pos5_M175.png
219,M92,Allyl-Gly,C=CCNCC(=O)O,2,0.038238702201622246,https://github.com/ivandon15/syn_data/raw/main/pics/pos5_M92.png
220,M74,Gly(cPr),N[C@H](C(=O)O)C1CC1,2,0.03807493146512336,https://github.com/ivandon15/syn_data/raw/main/pics/pos5_M74.png
221,M453,,N[C@@H](Cc1cccc(F)c1F)C(=O)O,2,0.03768318213538032,https://github.com/ivandon15/syn_data/raw/main/pics/pos5_M453.png
222,M163,,N[C@@H](Cc1cccc2ccsc12)C(=O)O,2,0.03768218983291859,https://github.com/ivandon15/syn_data/raw/main/pics/pos5_M163.png
223,M590,,O=C(O)[C@@H]1C[C@@H](OCCO)CN1,2,0.03751339764201501,https://github.com/ivandon15/syn_data/raw/main/pics/pos5_M590.png
224,M584,,N[C@@H](COc1ccccc1)C(=O)O,2,0.037108125399872044,https://github.com/ivandon15/syn_data/raw/main/pics/pos5_M584.png
225,M452,,N[C@@H](Cc1cccc(I)c1F)C(=O)O,2,0.03699825479930192,https://github.com/ivandon15/syn_data/raw/main/pics/pos5_M452.png
226,M439,,N[C@@H](Cc1ccccc1F)C(=O)O,2,0.03668763102725367,https://github.com/ivandon15/syn_data/raw/main/pics/pos5_M439.png
227,M435,,N[C@@H](CCc1ccccc1)C(=O)O,2,0.03599712023038157,https://github.com/ivandon15/syn_data/raw/main/pics/pos5_M435.png
228,M492,,N[C@@H](CCc1cc(F)c(F)cc1F)C(=O)O,2,0.035892634207240946,https://github.com/ivandon15/syn_data/raw/main/pics/pos5_M492.png
229,M211,homoPhe(4-Cl),N[C@@H](CCc1ccc(Cl)cc1)C(=O)O,2,0.03572643756379721,https://github.com/ivandon15/syn_data/raw/main/pics/pos5_M211.png
230,M591,,O=C(O)[C@@H]1C[C@@H](OCc2ccsc2)CN1,2,0.03568879371877231,https://github.com/ivandon15/syn_data/raw/main/pics/pos5_M591.png
231,M160,"Phe(3,4-F2)",N[C@@H](Cc1ccc(F)c(F)c1)C(=O)O,2,0.03518971848225214,https://github.com/ivandon15/syn_data/raw/main/pics/pos5_M160.png
232,M525,,N[C@@H](Cc1ccccc1C(F)(F)F)C(=O)O,2,0.0351219512195122,https://github.com/ivandon15/syn_data/raw/main/pics/pos5_M525.png
233,M596,,Cc1ccc(CO[C@H]2CN[C@H](C(=O)O)C2)cc1,2,0.03428571428571429,https://github.com/ivandon15/syn_data/raw/main/pics/pos5_M596.png
234,M104,nBu-Gly,CCCCNCC(=O)O,2,0.03373560065825562,https://github.com/ivandon15/syn_data/raw/main/pics/pos5_M104.png
235,M627,,C=CC[C@@H](N)C(=O)O,2,0.033628318584070796,https://github.com/ivandon15/syn_data/raw/main/pics/pos5_M627.png
236,M270,,O=C(O)[C@@H]1C[C@@H](OCC2CC2)CN1,2,0.032395870416518334,https://github.com/ivandon15/syn_data/raw/main/pics/pos5_M270.png
237,M558,,O=C(O)CNCc1ccncc1,2,0.03238414293690676,https://github.com/ivandon15/syn_data/raw/main/pics/pos5_M558.png
238,M460,,N[C@@H](Cc1cc(F)cc(Br)c1)C(=O)O,2,0.03213242453748783,https://github.com/ivandon15/syn_data/raw/main/pics/pos5_M460.png
239,M456,,N[C@@H](Cc1cccc(Br)c1F)C(=O)O,2,0.031734583483591774,https://github.com/ivandon15/syn_data/raw/main/pics/pos5_M456.png
240,M199,,N[C@@H](CCc1ccc(C(F)(F)F)cc1F)C(=O)O,2,0.03163881976537505,https://github.com/ivandon15/syn_data/raw/main/pics/pos5_M199.png
241,M437,,N[C@@H](Cc1cccc(OC(F)(F)F)c1)C(=O)O,2,0.0310391363022942,https://github.com/ivandon15/syn_data/raw/main/pics/pos5_M437.png
242,M153,Phe(4-F),N[C@@H](Cc1ccc(F)cc1)C(=O)O,2,0.030236907730673317,https://github.com/ivandon15/syn_data/raw/main/pics/pos5_M153.png
243,M96,Hyp(Et),CCO[C@H]1CN[C@H](C(=O)O)C1,2,0.029923451635351428,https://github.com/ivandon15/syn_data/raw/main/pics/pos5_M96.png
244,M202,,N[C@@H](CCc1ccc2ccsc2c1)C(=O)O,2,0.029484029484029485,https://github.com/ivandon15/syn_data/raw/main/pics/pos5_M202.png
245,M32,Me-Gly,CNCC(=O)O,2,0.029382470119521914,https://github.com/ivandon15/syn_data/raw/main/pics/pos5_M32.png
246,M443,,N[C@@H](Cc1cc(I)ccc1Br)C(=O)O,2,0.028407169428474807,https://github.com/ivandon15/syn_data/raw/main/pics/pos5_M443.png
247,M379,Cpa,N[C@@H](CC1CCCC1)C(=O)O,2,0.028371161548731642,https://github.com/ivandon15/syn_data/raw/main/pics/pos5_M379.png
248,M177,Phe(4-CF3),NC(Cc1ccc(C(F)(F)F)cc1)C(=O)O,2,0.028070175438596492,https://github.com/ivandon15/syn_data/raw/main/pics/pos5_M177.png
249,M409,Phe(3-Cl),N[C@@H](Cc1cccc(Cl)c1)C(=O)O,2,0.02709190672153635,https://github.com/ivandon15/syn_data/raw/main/pics/pos5_M409.png
250,M187,,N[C@@H](Cc1ccc2c(c1)CCC2(F)F)C(=O)O,2,0.02660300136425648,https://github.com/ivandon15/syn_data/raw/main/pics/pos5_M187.png
251,M496,,N[C@@H](CCc1c(F)cccc1Cl)C(=O)O,2,0.026051475204017578,https://github.com/ivandon15/syn_data/raw/main/pics/pos5_M496.png
252,M170,,N[C@@H](Cc1ccc2ccsc2c1)C(=O)O,2,0.02576808721506442,https://github.com/ivandon15/syn_data/raw/main/pics/pos5_M170.png
253,M550,,CC(C)(O)COCCNCC(=O)O,2,0.025306122448979593,https://github.com/ivandon15/syn_data/raw/main/pics/pos5_M550.png
254,M564,,CC(C)(O)/C=C/CNCC(=O)O,2,0.02486772486772487,https://github.com/ivandon15/syn_data/raw/main/pics/pos5_M564.png
255,M229,,N[C@@H](CCc1ccc(Cl)c(C(F)(F)F)c1)C(=O)O,2,0.024744819053510673,https://github.com/ivandon15/syn_data/raw/main/pics/pos5_M229.png
256,M461,,N[C@@H](Cc1cccc(Br)c1)C(=O)O,2,0.024398508980006776,https://github.com/ivandon15/syn_data/raw/main/pics/pos5_M461.png
257,M458,,N[C@@H](Cc1cc(I)ccc1Cl)C(=O)O,2,0.02369980250164582,https://github.com/ivandon15/syn_data/raw/main/pics/pos5_M458.png
258,M226,,COc1cc(CC[C@@H](N)C(=O)O)ccc1C(F)(F)F,2,0.023599859105318775,https://github.com/ivandon15/syn_data/raw/main/pics/pos5_M226.png
259,M449,,N[C@@H](Cc1ccc(Br)s1)C(=O)O,2,0.023247496423462088,https://github.com/ivandon15/syn_data/raw/main/pics/pos5_M449.png
260,M455,,N[C@@H](Cc1cc(I)ccc1F)C(=O)O,2,0.023209549071618037,https://github.com/ivandon15/syn_data/raw/main/pics/pos5_M455.png
261,M389,Ser(OCH2CF3),N[C@@H](COCC(F)(F)F)C(=O)O,2,0.02320599785790789,https://github.com/ivandon15/syn_data/raw/main/pics/pos5_M389.png
262,M402,Tyr(3-F),N[C@@H](Cc1ccc(O)c(F)c1)C(=O)O,2,0.022589345920431558,https://github.com/ivandon15/syn_data/raw/main/pics/pos5_M402.png
263,M626,,CC(C)[C@@H](N)C(=O)O,2,0.022272433828276306,https://github.com/ivandon15/syn_data/raw/main/pics/pos5_M626.png
264,M467,,N[C@@H](COc1ccc(Cl)cc1)C(=O)O,2,0.022198731501057084,https://github.com/ivandon15/syn_data/raw/main/pics/pos5_M467.png
265,M176,Phe(CHF2),N[C@@H](Cc1ccc(C(F)F)cc1)C(=O)O,2,0.022130013831258646,https://github.com/ivandon15/syn_data/raw/main/pics/pos5_M176.png
266,M440,,N[C@@H](CCc1cccc(F)c1)C(=O)O,2,0.02141400407885792,https://github.com/ivandon15/syn_data/raw/main/pics/pos5_M440.png
267,M228,,N[C@@H](CCc1cc(F)c(C(F)F)c(F)c1)C(=O)O,2,0.020586400499064253,https://github.com/ivandon15/syn_data/raw/main/pics/pos5_M228.png
268,M186,,N[C@@H](Cc1ccc2c(c1)C(F)(F)CC2)C(=O)O,2,0.020462931902046292,https://github.com/ivandon15/syn_data/raw/main/pics/pos5_M186.png
269,M428,homoPhe(4-F),N[C@@H](CCc1ccc(F)cc1)C(=O)O,2,0.020379965457685664,https://github.com/ivandon15/syn_data/raw/main/pics/pos5_M428.png
270,M283,Pro(4R-F),O=C(O)[C@@H]1C[C@@H](F)CN1,2,0.019943907759426612,https://github.com/ivandon15/syn_data/raw/main/pics/pos5_M283.png
271,M105,Aze(2)(3S-Me),C[C@H]1CNC1C(=O)O,2,0.019635742743312465,https://github.com/ivandon15/syn_data/raw/main/pics/pos5_M105.png
272,M427,"Phe(3,5-F2)",N[C@@H](Cc1cc(F)cc(F)c1)C(=O)O,2,0.01942776404097492,https://github.com/ivandon15/syn_data/raw/main/pics/pos5_M427.png
273,M436,,N[C@@H](Cc1cc(Cl)cc(Cl)c1)C(=O)O,2,0.018836748182419035,https://github.com/ivandon15/syn_data/raw/main/pics/pos5_M436.png
274,M495,,N[C@@H](CCc1c(F)c(F)c(F)c(F)c1F)C(=O)O,2,0.018557422969187675,https://github.com/ivandon15/syn_data/raw/main/pics/pos5_M495.png
275,M444,,N[C@@H](Cc1cc(Cl)cc(I)c1)C(=O)O,2,0.01834862385321101,https://github.com/ivandon15/syn_data/raw/main/pics/pos5_M444.png
276,M400,,N[C@@H](COC1CC1)C(=O)O,2,0.01825068870523416,https://github.com/ivandon15/syn_data/raw/main/pics/pos5_M400.png
277,M488,,N[C@@H](CCc1ccc(C(F)(F)F)nc1)C(=O)O,2,0.01759802408150664,https://github.com/ivandon15/syn_data/raw/main/pics/pos5_M488.png
278,M555,,O=C(O)CNC1CC2(COC2)C1,2,0.01716593739481656,https://github.com/ivandon15/syn_data/raw/main/pics/pos5_M555.png
279,M210,homoPhe(4-CF3),N[C@@H](CCc1ccc(C(F)(F)F)cc1)C(=O)O,2,0.016943521594684385,https://github.com/ivandon15/syn_data/raw/main/pics/pos5_M210.png
280,M466,,N[C@@H](CCOc1ccc(C(F)(F)F)cc1)C(=O)O,2,0.016749379652605458,https://github.com/ivandon15/syn_data/raw/main/pics/pos5_M466.png
281,M469,,N[C@@H](COCc1ccc(Cl)cc1)C(=O)O,2,0.016473887136347704,https://github.com/ivandon15/syn_data/raw/main/pics/pos5_M469.png
282,M465,,N[C@@H](CCOc1ccc(Cl)cc1)C(=O)O,2,0.01618457300275482,https://github.com/ivandon15/syn_data/raw/main/pics/pos5_M465.png
283,M433,,N[C@@H](Cc1cc(F)cc(Cl)c1)C(=O)O,2,0.016050878255602665,https://github.com/ivandon15/syn_data/raw/main/pics/pos5_M433.png
284,M438,,N[C@@H](CCCc1ccccc1)C(=O)O,2,0.015968063872255488,https://github.com/ivandon15/syn_data/raw/main/pics/pos5_M438.png
285,M468,,N[C@@H](COCc1ccccc1Cl)C(=O)O,2,0.015198618307426597,https://github.com/ivandon15/syn_data/raw/main/pics/pos5_M468.png
286,M551,,O=C(O)CNCCOCC(F)(F)F,2,0.01507032819825854,https://github.com/ivandon15/syn_data/raw/main/pics/pos5_M551.png
287,M85,cPr-Gly,O=C(O)CNC1CC1,2,0.014289174134172923,https://github.com/ivandon15/syn_data/raw/main/pics/pos5_M85.png
288,M474,,N[C@@H](CCc1ccc(C(F)F)nc1)C(=O)O,2,0.013834693153600568,https://github.com/ivandon15/syn_data/raw/main/pics/pos5_M474.png
289,M517,,N[C@@H](COCc1cncc(F)c1)C(=O)O,2,0.013028169014084507,https://github.com/ivandon15/syn_data/raw/main/pics/pos5_M517.png
290,M482,,N[C@@H](CCc1ccc2ncccc2c1)C(=O)O,2,0.01206896551724138,https://github.com/ivandon15/syn_data/raw/main/pics/pos5_M482.png
291,M486,,N[C@@H](CCc1ccc2c(c1)OC(F)(F)O2)C(=O)O,2,0.011691884456671253,https://github.com/ivandon15/syn_data/raw/main/pics/pos5_M486.png
292,M472,,N[C@@H](CCc1ccc(OC(F)(F)F)c(Cl)c1)C(=O)O,2,0.011279520620373634,https://github.com/ivandon15/syn_data/raw/main/pics/pos5_M472.png
293,M204,,N[C@@H](CCc1ccc(OC(F)F)c(F)c1)C(=O)O,2,0.010058966354491848,https://github.com/ivandon15/syn_data/raw/main/pics/pos5_M204.png
294,M194,"homoPhe(4-CF3-3,5-F2)",N[C@@H](CCc1cc(F)c(C(F)(F)F)c(F)c1)C(=O)O,2,0.009769713886950453,https://github.com/ivandon15/syn_data/raw/main/pics/pos5_M194.png
295,M156,Tyr(CF3),N[C@@H](Cc1ccc(OC(F)(F)F)cc1)C(=O)O,2,0.009202453987730062,https://github.com/ivandon15/syn_data/raw/main/pics/pos5_M156.png
296,M162,"Phe(3-Cl,4-F)",N[C@@H](Cc1ccc(F)c(Cl)c1)C(=O)O,2,0.008793527963418923,https://github.com/ivandon15/syn_data/raw/main/pics/pos5_M162.png
297,M222,,N[C@@H](CCc1ccc(C2CC2)c(F)c1)C(=O)O,2,0.00879269529928982,https://github.com/ivandon15/syn_data/raw/main/pics/pos5_M222.png
298,M295,D-Ala,C[C@@H](N)C(=O)O,2,0.00874737578726382,https://github.com/ivandon15/syn_data/raw/main/pics/pos5_M295.png
299,M487,,N[C@@H](CCc1ccc2cccnc2c1)C(=O)O,2,0.00868357068426537,https://github.com/ivandon15/syn_data/raw/main/pics/pos5_M487.png
300,M566,,O=C(O)CNCCCCCO,2,0.008603573792190603,https://github.com/ivandon15/syn_data/raw/main/pics/pos5_M566.png
301,M490,,N[C@@H](CCc1ccc(C(F)F)c(F)c1)C(=O)O,2,0.008072653884964682,https://github.com/ivandon15/syn_data/raw/main/pics/pos5_M490.png
302,M491,,N[C@@H](CCc1ccc(Cl)cc1F)C(=O)O,2,0.006958250497017893,https://github.com/ivandon15/syn_data/raw/main/pics/pos5_M491.png
303,M493,,N[C@@H](CCc1ccc(F)cc1F)C(=O)O,2,0.005817932922655715,https://github.com/ivandon15/syn_data/raw/main/pics/pos5_M493.png
304,M317,Me-Ac4c,CNC1(C(=O)O)CCC1,2,0.005379746835443038,https://github.com/ivandon15/syn_data/raw/main/pics/pos5_M317.png
305,M470,,N[C@@H](COCc1cccc(Cl)c1)C(=O)O,2,0.0036875628561850488,https://github.com/ivandon15/syn_data/raw/main/pics/pos5_M470.png
306,M319,,CNC1(C(=O)O)CC(C)(C)C1,2,0.0031239153071850054,https://github.com/ivandon15/syn_data/raw/main/pics/pos5_M319.png
307,M294,cLeu,NC1(C(=O)O)CCCC1,2,0.0013961605584642235,https://github.com/ivandon15/syn_data/raw/main/pics/pos5_M294.png
308,M301,,NC1(C(=O)O)COC1,2,0.000611807892321811,https://github.com/ivandon15/syn_data/raw/main/pics/pos5_M301.png
309,M143,,CCCN[C@@H](Cc1ccc(OC(F)(F)F)cc1)C(=O)O,1,0.55870236869207,https://github.com/ivandon15/syn_data/raw/main/pics/pos5_M143.png
310,M113,,CCCCN[C@@H](Cc1ccc(C)cc1)C(=O)O,1,0.5559511698880977,https://github.com/ivandon15/syn_data/raw/main/pics/pos5_M113.png
311,M147,Pr-Phe(4-F),CCCN[C@@H](Cc1ccc(F)cc1)C(=O)O,1,0.5417747794499221,https://github.com/ivandon15/syn_data/raw/main/pics/pos5_M147.png
312,M129,,CCCCN[C@@H](Cc1ccc(C(F)(F)F)cc1)C(=O)O,1,0.533794571580628,https://github.com/ivandon15/syn_data/raw/main/pics/pos5_M129.png
313,M133,,O=C(O)[C@H](Cc1ccc(C(F)(F)F)cc1)NCC1CCCC1,1,0.5326478149100257,https://github.com/ivandon15/syn_data/raw/main/pics/pos5_M133.png
314,M110,nPr-Phe(4-Me),CCCN[C@@H](Cc1ccc(C)cc1)C(=O)O,1,0.5257521672616012,https://github.com/ivandon15/syn_data/raw/main/pics/pos5_M110.png
315,M132,,O=C(O)[C@H](Cc1ccc(C(F)(F)F)cc1)NCC1CCC1,1,0.5010351966873706,https://github.com/ivandon15/syn_data/raw/main/pics/pos5_M132.png
316,M173,,CCCN[C@@H](COC1CCC1)C(=O)O,1,0.4948604992657856,https://github.com/ivandon15/syn_data/raw/main/pics/pos5_M173.png
317,M111,nPr-Phe(4-CF3),CCCN[C@@H](Cc1ccc(C(F)(F)F)cc1)C(=O)O,1,0.4833852544132918,https://github.com/ivandon15/syn_data/raw/main/pics/pos5_M111.png
318,M130,,CC(C)CN[C@@H](Cc1ccc(C(F)(F)F)cc1)C(=O)O,1,0.4724608388074785,https://github.com/ivandon15/syn_data/raw/main/pics/pos5_M130.png
319,M410,Et-Cha,CCN[C@@H](CC1CCCCC1)C(=O)O,1,0.3525932666060055,https://github.com/ivandon15/syn_data/raw/main/pics/pos5_M410.png
320,M373,Me-Thr,CN[C@H](C(=O)O)[C@@H](C)O,1,0.32378752886836026,https://github.com/ivandon15/syn_data/raw/main/pics/pos5_M373.png
321,M325,Me-Gly(tBu),CN[C@H](C(=O)O)C(C)(C)C,1,0.22948001718951438,https://github.com/ivandon15/syn_data/raw/main/pics/pos5_M325.png
322,M581,,CN[C@@H](CC(=O)N1CCOCC1)C(=O)O,1,0.22208121827411167,https://github.com/ivandon15/syn_data/raw/main/pics/pos5_M581.png
323,M41,Me-Ser,CN[C@@H](CO)C(=O)O,1,0.18536959019532745,https://github.com/ivandon15/syn_data/raw/main/pics/pos5_M41.png
324,M375,Pr-Ala,CCCN[C@@H](C)C(=O)O,1,0.18517080745341616,https://github.com/ivandon15/syn_data/raw/main/pics/pos5_M375.png
325,M81,Et-Ala,CCN[C@@H](C)C(=O)O,1,0.17599677809101893,https://github.com/ivandon15/syn_data/raw/main/pics/pos5_M81.png
326,M1,Me-Ala,CN[C@@H](C)C(=O)O,1,0.12992586812329301,https://github.com/ivandon15/syn_data/raw/main/pics/pos5_M1.png
327,M630,,CN[C@H](C(=O)O)C1=CCCC1,1,0.06897689768976897,https://github.com/ivandon15/syn_data/raw/main/pics/pos5_M630.png
328,M621,,NCCCCNCC(=O)O,1,0.056955093099671415,https://github.com/ivandon15/syn_data/raw/main/pics/pos5_M621.png
329,M251,,O=C(O)[C@@H]1C[C@@H](OCC(F)F)CN1,1,0.0414563806777217,https://github.com/ivandon15/syn_data/raw/main/pics/pos5_M251.png
330,M594,,O=C(O)[C@@H]1C[C@@H](OCc2ccc(OC(F)F)cc2)CN1,1,0.03935599284436494,https://github.com/ivandon15/syn_data/raw/main/pics/pos5_M594.png
331,M264,Hyp(Pr),CCCO[C@H]1CN[C@H](C(=O)O)C1,1,0.03648068669527897,https://github.com/ivandon15/syn_data/raw/main/pics/pos5_M264.png
332,M599,,O=C(O)[C@@H]1C[C@@H](OCc2ccc(Cl)cc2)CN1,1,0.033862433862433865,https://github.com/ivandon15/syn_data/raw/main/pics/pos5_M599.png
333,M600,,O=C(O)[C@@H]1C[C@@H](OCc2cccc(Cl)c2)CN1,1,0.0332038149063935,https://github.com/ivandon15/syn_data/raw/main/pics/pos5_M600.png
334,M246,,O=C(O)[C@@H]1C[C@@H](OC2CCCCO2)CN1,1,0.03217908359566282,https://github.com/ivandon15/syn_data/raw/main/pics/pos5_M246.png
335,M265,,CC(C)CO[C@H]1CN[C@H](C(=O)O)C1,1,0.03195224719101124,https://github.com/ivandon15/syn_data/raw/main/pics/pos5_M265.png
336,M604,,O=C(O)[C@@H]1C[C@@H](OCc2ccccc2Cl)CN1,1,0.03137254901960784,https://github.com/ivandon15/syn_data/raw/main/pics/pos5_M604.png
337,M592,,Cc1cccc(CO[C@H]2CN[C@H](C(=O)O)C2)c1,1,0.03123890663826766,https://github.com/ivandon15/syn_data/raw/main/pics/pos5_M592.png
338,M589,,O=C(O)[C@@H]1C[C@@H](OCc2cccnc2)CN1,1,0.028551034975017844,https://github.com/ivandon15/syn_data/raw/main/pics/pos5_M589.png
339,M597,,COc1cccc(CO[C@H]2CN[C@H](C(=O)O)C2)c1,1,0.024929775280898875,https://github.com/ivandon15/syn_data/raw/main/pics/pos5_M597.png
340,M586,,O=C(O)[C@@H]1C[C@@H](OCc2ccccc2)CN1,1,0.02401129943502825,https://github.com/ivandon15/syn_data/raw/main/pics/pos5_M586.png
341,M8,Azp(2),O=C(O)[C@@H]1CCCCCN1,1,0.023886378308586184,https://github.com/ivandon15/syn_data/raw/main/pics/pos5_M8.png
342,M542,,O=C(O)[C@@H]1CC(O)CN1,1,0.02050919377652051,https://github.com/ivandon15/syn_data/raw/main/pics/pos5_M542.png
343,M401,Ser,N[C@@H](CO)C(=O)O,1,0.020499679692504803,https://github.com/ivandon15/syn_data/raw/main/pics/pos5_M401.png
344,M277,"Pro(3-methoxy,trans)",CO[C@H]1CCN[C@@H]1C(=O)O,1,0.019171516603902775,https://github.com/ivandon15/syn_data/raw/main/pics/pos5_M277.png
345,M384,Ser(cBu),N[C@@H](COC1CCC1)C(=O)O,1,0.017940199335548173,https://github.com/ivandon15/syn_data/raw/main/pics/pos5_M384.png
346,M244,Hyp,O=C(O)[C@@H]1C[C@@H](O)CN1,1,0.017341040462427744,https://github.com/ivandon15/syn_data/raw/main/pics/pos5_M244.png
347,M583,,O=C(O)[C@@H]1C[C@@H](n2ccnn2)CN1,1,0.01720505617977528,https://github.com/ivandon15/syn_data/raw/main/pics/pos5_M583.png
348,M253,Hyp(Me),CO[C@H]1CN[C@H](C(=O)O)C1,1,0.017183288409703505,https://github.com/ivandon15/syn_data/raw/main/pics/pos5_M253.png
349,M248,aHyp,O=C(O)[C@@H]1C[C@H](O)CN1,1,0.016982364467668192,https://github.com/ivandon15/syn_data/raw/main/pics/pos5_M248.png
350,M291,Hyp(cBu),O=C(O)[C@@H]1C[C@@H](OC2CCC2)CN1,1,0.016979129819596747,https://github.com/ivandon15/syn_data/raw/main/pics/pos5_M291.png
351,M290,Hyp(iPr),CC(C)O[C@H]1CN[C@H](C(=O)O)C1,1,0.01670814077497334,https://github.com/ivandon15/syn_data/raw/main/pics/pos5_M290.png
352,M289,"Pro(4-propyl,trans)",CCC[C@H]1CN[C@H](C(=O)O)C1,1,0.016399043389135635,https://github.com/ivandon15/syn_data/raw/main/pics/pos5_M289.png
353,M273,Pro(3-butoxy),CCCCO[C@H]1CCN[C@@H]1C(=O)O,1,0.015492957746478873,https://github.com/ivandon15/syn_data/raw/main/pics/pos5_M273.png
354,M169,,N[C@@H](Cc1ccc2sccc2c1)C(=O)O,1,0.015141540487162607,https://github.com/ivandon15/syn_data/raw/main/pics/pos5_M169.png
355,M261,Pro(3-CF3),O=C(O)[C@@H]1C[C@@H](C(F)(F)F)CN1,1,0.01455449059282925,https://github.com/ivandon15/syn_data/raw/main/pics/pos5_M261.png
356,M292,Hyp(cPent),O=C(O)[C@@H]1C[C@@H](OC2CCCC2)CN1,1,0.014089121887287025,https://github.com/ivandon15/syn_data/raw/main/pics/pos5_M292.png
357,M266,xiHyp(Et),CCOC1CN[C@H](C(=O)O)C1,1,0.013816925734024179,https://github.com/ivandon15/syn_data/raw/main/pics/pos5_M266.png
358,M77,Pic(2),O=C(O)[C@@H]1CCCCN1,1,0.012131715771230503,https://github.com/ivandon15/syn_data/raw/main/pics/pos5_M77.png
359,M442,,N[C@@H](CCc1ccc(S(F)(F)(F)(F)F)cc1)C(=O)O,1,0.012037037037037037,https://github.com/ivandon15/syn_data/raw/main/pics/pos5_M442.png
360,M279,"Pro(3-propoxy,trans)",CCCO[C@H]1CCN[C@@H]1C(=O)O,1,0.011921458625525946,https://github.com/ivandon15/syn_data/raw/main/pics/pos5_M279.png
361,M256,Pro(4-oxo),O=C1CN[C@H](C(=O)O)C1,1,0.011382658185470372,https://github.com/ivandon15/syn_data/raw/main/pics/pos5_M256.png
362,M618,,CNCCOCCNCC(=O)O,1,0.011205976520811099,https://github.com/ivandon15/syn_data/raw/main/pics/pos5_M618.png
363,M390,Ala(cPr),N[C@@H](CC1CC1)C(=O)O,1,0.01116751269035533,https://github.com/ivandon15/syn_data/raw/main/pics/pos5_M390.png
364,M616,,CN(C)CCOCCNCC(=O)O,1,0.010943507837917775,https://github.com/ivandon15/syn_data/raw/main/pics/pos5_M616.png
365,M288,"Pro(4-athyl,trans)",CC[C@H]1CN[C@H](C(=O)O)C1,1,0.010842952081147255,https://github.com/ivandon15/syn_data/raw/main/pics/pos5_M288.png
366,M505,,O=C(O)[C@@H]1C[C@@H](c2ccccc2)CN1,1,0.009391304347826087,https://github.com/ivandon15/syn_data/raw/main/pics/pos5_M505.png
367,M278,"Pro(3-ethoxy,trans)",CCO[C@H]1CCN[C@@H]1C(=O)O,1,0.008741258741258742,https://github.com/ivandon15/syn_data/raw/main/pics/pos5_M278.png
368,M97,Mor(3),O=C(O)[C@@H]1COCCN1,1,0.008561643835616438,https://github.com/ivandon15/syn_data/raw/main/pics/pos5_M97.png
369,M559,,O=C(O)CNC1CC2(C1)CC(F)(F)C2,1,0.008520037866834964,https://github.com/ivandon15/syn_data/raw/main/pics/pos5_M559.png
370,M98,Tmo(2),O=C(O)[C@@H]1CSCCN1,1,0.008491182233834096,https://github.com/ivandon15/syn_data/raw/main/pics/pos5_M98.png
371,M192,"homoPhe(3,4-Cl2)",N[C@@H](CCc1ccc(Cl)c(Cl)c1)C(=O)O,1,0.007973421926910298,https://github.com/ivandon15/syn_data/raw/main/pics/pos5_M192.png
372,M385,Nle(CHF2),N[C@@H](CCCCC(F)F)C(=O)O,1,0.007558330594807755,https://github.com/ivandon15/syn_data/raw/main/pics/pos5_M385.png
373,M254,homoPro(4-F2),O=C(O)[C@@H]1CC(F)(F)CCN1,1,0.007024938531787847,https://github.com/ivandon15/syn_data/raw/main/pics/pos5_M254.png
374,M464,,N[C@@H](CCOc1ccc(Cl)c(Cl)c1)C(=O)O,1,0.006932409012131715,https://github.com/ivandon15/syn_data/raw/main/pics/pos5_M464.png
375,M287,Pro(4R-Me),C[C@H]1CN[C@H](C(=O)O)C1,1,0.00608974358974359,https://github.com/ivandon15/syn_data/raw/main/pics/pos5_M287.png
376,M231,,N[C@@H](CCc1cc(F)c2c(c1)CCC2)C(=O)O,1,0.005763688760806916,https://github.com/ivandon15/syn_data/raw/main/pics/pos5_M231.png
377,M280,"Pro(3-methoxy,cis)",CO[C@@H]1CCN[C@@H]1C(=O)O,1,0.005698960777740529,https://github.com/ivandon15/syn_data/raw/main/pics/pos5_M280.png
378,M480,,N[C@@H](CCc1ccc(OC(F)(F)F)c(F)c1)C(=O)O,1,0.005031868500503187,https://github.com/ivandon15/syn_data/raw/main/pics/pos5_M480.png
379,M259,,O=C(O)[C@@H]1CC(N2CCC(F)(F)CC2)CN1,1,0.004488950276243094,https://github.com/ivandon15/syn_data/raw/main/pics/pos5_M259.png
380,M258,,O=C(O)[C@@H]1C[C@@H](N2CCC(F)(F)CC2)CN1,1,0.004473503097040606,https://github.com/ivandon15/syn_data/raw/main/pics/pos5_M258.png
381,M282,"Pro(3-propoxy,cis)",CCCO[C@@H]1CCN[C@@H]1C(=O)O,1,0.0037684138403562863,https://github.com/ivandon15/syn_data/raw/main/pics/pos5_M282.png
382,M481,,N[C@@H](CCc1ccc(C(F)(F)F)cn1)C(=O)O,1,0.0037326094333220224,https://github.com/ivandon15/syn_data/raw/main/pics/pos5_M481.png
383,M611,,O=C(O)CNc1ccsc1,1,0.0036303630363036304,https://github.com/ivandon15/syn_data/raw/main/pics/pos5_M611.png
384,M549,,O=C(O)CNCCCN1CCC(F)(F)CC1,1,0.003419972640218878,https://github.com/ivandon15/syn_data/raw/main/pics/pos5_M549.png
385,M556,,O=C(O)CNCC1COC1,1,0.003257328990228013,https://github.com/ivandon15/syn_data/raw/main/pics/pos5_M556.png
386,M255,Pro(4-Me2),CC1(C)CN[C@H](C(=O)O)C1,1,0.003104518799586064,https://github.com/ivandon15/syn_data/raw/main/pics/pos5_M255.png
387,M318,Me-cLeu,CNC1(C(=O)O)CCCC1,1,0.003083247687564234,https://github.com/ivandon15/syn_data/raw/main/pics/pos5_M318.png
388,M247,Pro(4-F2),O=C(O)[C@@H]1CC(F)(F)CN1,1,0.0030354131534569982,https://github.com/ivandon15/syn_data/raw/main/pics/pos5_M247.png
389,M252,Pro(4-cPr),O=C(O)[C@@H]1CC2(CC2)CN1,1,0.0029702970297029703,https://github.com/ivandon15/syn_data/raw/main/pics/pos5_M252.png
390,M84,Pro,O=C(O)[C@@H]1CCCN1,1,0.0028508077288565093,https://github.com/ivandon15/syn_data/raw/main/pics/pos5_M84.png
391,M262,,O=C(O)C1NC[C@@H]2C[C@H]12,1,0.002625533311453889,https://github.com/ivandon15/syn_data/raw/main/pics/pos5_M262.png
392,M281,"Pro(3-ethoxy,cis)",CCO[C@@H]1CCN[C@@H]1C(=O)O,1,0.002421307506053269,https://github.com/ivandon15/syn_data/raw/main/pics/pos5_M281.png
393,M471,,N[C@@H](CCCc1ccc(C(F)(F)F)cc1)C(=O)O,1,0.0023071852340145024,https://github.com/ivandon15/syn_data/raw/main/pics/pos5_M471.png
394,M207,,N[C@@H](CCc1cc(F)c(C(F)(F)F)c(Cl)c1)C(=O)O,1,0.0022816166883963492,https://github.com/ivandon15/syn_data/raw/main/pics/pos5_M207.png
395,M587,,O=C(O)[C@@H]1C[C@H](OCCO)CN1,1,0.0017307026652821046,https://github.com/ivandon15/syn_data/raw/main/pics/pos5_M587.png
396,M533,,O=C(O)[C@@H]1CSCN1,1,0.0017129153819801302,https://github.com/ivandon15/syn_data/raw/main/pics/pos5_M533.png
397,M608,,O=C(O)CNc1ccccc1,1,0.0015375153751537515,https://github.com/ivandon15/syn_data/raw/main/pics/pos5_M608.png
398,M284,Pro(4-F),O=C(O)[C@@H]1C[C@H](F)CN1,1,0.001352265043948614,https://github.com/ivandon15/syn_data/raw/main/pics/pos5_M284.png
399,M593,,O=C(O)[C@@H]1C[C@H](OCc2cccc(Cl)c2)CN1,1,0.001288659793814433,https://github.com/ivandon15/syn_data/raw/main/pics/pos5_M593.png
400,M514,,O=C(O)[C@@H]1C[C@H](c2ccccc2)CN1,1,0.0009832841691248771,https://github.com/ivandon15/syn_data/raw/main/pics/pos5_M514.png
401,M101,Pro(4S-Me),C[C@@H]1CN[C@H](C(=O)O)C1,1,0.0009276437847866419,https://github.com/ivandon15/syn_data/raw/main/pics/pos5_M101.png
402,M404,iPr-Gly,CC(C)NCC(=O)O,1,0.0008695652173913044,https://github.com/ivandon15/syn_data/raw/main/pics/pos5_M404.png
403,M21,Me-Aib,CNC(C)(C)C(=O)O,1,0.0008623167576889911,https://github.com/ivandon15/syn_data/raw/main/pics/pos5_M21.png
404,M588,,O=C(O)[C@@H]1C[C@H](OCc2cccnc2)CN1,1,0.0006980802792321117,https://github.com/ivandon15/syn_data/raw/main/pics/pos5_M588.png
405,M250,,O=C(O)[C@@H]1C[C@H](OCC(F)F)CN1,1,0.0006800408024481469,https://github.com/ivandon15/syn_data/raw/main/pics/pos5_M250.png
406,M598,,O=C(O)[C@@H]1C[C@H](OCc2ccccc2Cl)CN1,1,0.000666000666000666,https://github.com/ivandon15/syn_data/raw/main/pics/pos5_M598.png
407,M659,Benz-Gly,O=C(O)CNc1ccccc1,1,0.0006357279084551812,https://github.com/ivandon15/syn_data/raw/main/pics/pos5_M659.png
408,M609,,O=C(O)CNc1cccc(Cl)c1,1,0.0006273525721455458,https://github.com/ivandon15/syn_data/raw/main/pics/pos5_M609.png
409,M307,aMe-Val,CC(C)[C@](C)(N)C(=O)O,1,0.0006211180124223603,https://github.com/ivandon15/syn_data/raw/main/pics/pos5_M307.png
410,M603,,Cc1ccccc1CO[C@@H]1CN[C@H](C(=O)O)C1,1,0.00034916201117318437,https://github.com/ivandon15/syn_data/raw/main/pics/pos5_M603.png
411,M602,,COc1cccc(CO[C@@H]2CN[C@H](C(=O)O)C2)c1,1,0.0003477051460361613,https://github.com/ivandon15/syn_data/raw/main/pics/pos5_M602.png
412,M606,,Cc1ccc(CO[C@@H]2CN[C@H](C(=O)O)C2)cc1,1,0.00034626038781163435,https://github.com/ivandon15/syn_data/raw/main/pics/pos5_M606.png
413,M518,,O=C(O)[C@@H]1Cc2ccccc2N1,1,0.00033783783783783786,https://github.com/ivandon15/syn_data/raw/main/pics/pos5_M518.png
414,M302,,NC1(C(=O)O)CCOCC1,1,0.000333667000333667,https://github.com/ivandon15/syn_data/raw/main/pics/pos5_M302.png
415,M554,,O=C(O)CNCCc1ccncc1,1,0.0003290556103981573,https://github.com/ivandon15/syn_data/raw/main/pics/pos5_M554.png
416,M595,,O=C(O)[C@@H]1C[C@H](OCc2ccc(Cl)cc2)CN1,1,0.00032351989647363315,https://github.com/ivandon15/syn_data/raw/main/pics/pos5_M595.png
417,M610,,O=C(O)CNc1ccc(Cl)cc1,1,0.00031191515907673113,https://github.com/ivandon15/syn_data/raw/main/pics/pos5_M610.png
418,M89,Aze(2)(3R-Me),C[C@@H]1CN[C@@H]1C(=O)O,1,0.00030883261272390367,https://github.com/ivandon15/syn_data/raw/main/pics/pos5_M89.png
419,M60,Abu,CC[C@H](N)C(=O)O,1,0.0,https://github.com/ivandon15/syn_data/raw/main/pics/pos5_M60.png
420,M335,Me-Asp-NMe2,O=C(O)C[C@H](NCCC1CCC1)C(=O)O,1,0.0,https://github.com/ivandon15/syn_data/raw/main/pics/pos5_M335.png
421,M209,,COc1cc(CC[C@H](N)C(=O)O)cc(F)c1C(F)(F)F,1,0.0,https://github.com/ivandon15/syn_data/raw/main/pics/pos5_M209.png
422,M7,Me-Abu,CC[C@H](NC)C(=O)O,1,0.0,https://github.com/ivandon15/syn_data/raw/main/pics/pos5_M7.png
423,M181,"Phe(3-F,4-Me)",Cc1ccc(C[C@H](N)C(=O)O)cc1F,1,0.0,https://github.com/ivandon15/syn_data/raw/main/pics/pos5_M181.png
424,M398,,CCCCC[C@H](N)C(=O)O,1,0.0,https://github.com/ivandon15/syn_data/raw/main/pics/pos5_M398.png
425,M539,,CN[C@H](COCCC(C)C)C(=O)O,1,0.0,https://github.com/ivandon15/syn_data/raw/main/pics/pos5_M539.png
426,M309,aMe-Nva,CCC[C@](C)(N)C(=O)O,1,0.0,https://github.com/ivandon15/syn_data/raw/main/pics/pos5_M309.png
427,M483,,N#Cc1cc(CC[C@H](N)C(=O)O)cc(Cl)c1Cl,1,0.0,https://github.com/ivandon15/syn_data/raw/main/pics/pos5_M483.png
428,M158,,C#CC[C@H](NCC=C)C(=O)O,1,0.0,https://github.com/ivandon15/syn_data/raw/main/pics/pos5_M158.png
429,M10,MeAlGly,C=CC[C@H](NC)C(=O)O,1,0.0,https://github.com/ivandon15/syn_data/raw/main/pics/pos5_M10.png
430,M235,,COc1cc(CC[C@H](N)C(=O)O)ccc1C(F)F,1,0.0,https://github.com/ivandon15/syn_data/raw/main/pics/pos5_M235.png
431,M165,"Phe(3-Me,4-F)",Cc1cc(C[C@H](N)C(=O)O)ccc1F,1,0.0,https://github.com/ivandon15/syn_data/raw/main/pics/pos5_M165.png
432,M509,,O=C(O)[C@@H]1C[C@@H]2CCCC[C@@H]2N1,1,0.0,https://github.com/ivandon15/syn_data/raw/main/pics/pos5_M509.png
433,M475,,COc1cc(CC[C@H](N)C(=O)O)cc(Cl)c1Cl,1,0.0,https://github.com/ivandon15/syn_data/raw/main/pics/pos5_M475.png
434,M622,,CN[C@@](C)(Cc1ccccc1)C(=O)O,1,0.0,https://github.com/ivandon15/syn_data/raw/main/pics/pos5_M622.png
435,M537,,CN[C@H](Cc1ccccc1)C(=O)O,1,0.0,https://github.com/ivandon15/syn_data/raw/main/pics/pos5_M537.png
436,M585,,O=C(O)[C@@H]1C[C@H](n2ccnn2)CN1,1,0.0,https://github.com/ivandon15/syn_data/raw/main/pics/pos5_M585.png
437,M275,,O=C(O)[C@H]1NCC[C@@H]1OCC1CCCC1,1,0.0,https://github.com/ivandon15/syn_data/raw/main/pics/pos5_M275.png
438,M180,"Phe(2-F,4-Me)",Cc1ccc(C[C@H](N)C(=O)O)c(F)c1,1,0.0,https://github.com/ivandon15/syn_data/raw/main/pics/pos5_M180.png
439,M243,,Cn1ccc2ccc(CC[C@H](N)C(=O)O)cc21,1,0.0,https://github.com/ivandon15/syn_data/raw/main/pics/pos5_M243.png
440,M399,Ser(OPr),CCCOC[C@H](N)C(=O)O,1,0.0,https://github.com/ivandon15/syn_data/raw/main/pics/pos5_M399.png
441,M383,homoSer(OMe),COCC[C@H](N)C(=O)O,1,0.0,https://github.com/ivandon15/syn_data/raw/main/pics/pos5_M383.png
442,M308,aMe-Ile,CC[C@H](C)[C@](C)(N)C(=O)O,1,0.0,https://github.com/ivandon15/syn_data/raw/main/pics/pos5_M308.png
443,M541,,O=C(O)[C@H]1COCCN1,1,0.0,https://github.com/ivandon15/syn_data/raw/main/pics/pos5_M541.png
444,M125,,Cc1ccc(C[C@H](NCCC(F)(F)F)C(=O)O)cc1,1,0.0,https://github.com/ivandon15/syn_data/raw/main/pics/pos5_M125.png
445,M71,Thr(Et),CCO[C@H](C)[C@H](N)C(=O)O,1,0.0,https://github.com/ivandon15/syn_data/raw/main/pics/pos5_M71.png
446,M478,,Cn1ccc2cc(CC[C@H](N)C(=O)O)ccc21,1,0.0,https://github.com/ivandon15/syn_data/raw/main/pics/pos5_M478.png
447,M117,,Cc1ccc(C[C@H](NCC2CCC2)C(=O)O)cc1,1,0.0,https://github.com/ivandon15/syn_data/raw/main/pics/pos5_M117.png
448,M217,,Cc1cc(CC[C@H](N)C(=O)O)cc(Cl)c1C(F)F,1,0.0,https://github.com/ivandon15/syn_data/raw/main/pics/pos5_M217.png
449,M476,,CC(C)Oc1cc(CC[C@H](N)C(=O)O)cc(Cl)c1Cl,1,0.0,https://github.com/ivandon15/syn_data/raw/main/pics/pos5_M476.png
450,M607,,Cc1cccc(CO[C@@H]2CN[C@H](C(=O)O)C2)c1,1,0.0,https://github.com/ivandon15/syn_data/raw/main/pics/pos5_M607.png
451,M70,Thr(Me),CO[C@H](C)[C@H](N)C(=O)O,1,0.0,https://github.com/ivandon15/syn_data/raw/main/pics/pos5_M70.png
452,M382,Ser(OMe) ,COC[C@H](N)C(=O)O,1,0.0,https://github.com/ivandon15/syn_data/raw/main/pics/pos5_M382.png
453,M197,,Cc1cc(CC[C@H](N)C(=O)O)ccc1C(F)(F)F,1,0.0,https://github.com/ivandon15/syn_data/raw/main/pics/pos5_M197.png
454,M484,,N#Cc1cc(CC[C@H](N)C(=O)O)ccc1C(F)(F)F,1,0.0,https://github.com/ivandon15/syn_data/raw/main/pics/pos5_M484.png
455,M79,Pic(2),O=C(O)[C@H]1CCCCN1,1,0.0,https://github.com/ivandon15/syn_data/raw/main/pics/pos5_M79.png
456,M11,Me-Pra,C#CC[C@H](NC)C(=O)O,1,0.0,https://github.com/ivandon15/syn_data/raw/main/pics/pos5_M11.png
457,M337,PhEt-Asp,O=C(O)C[C@H](NCCc1ccccc1)C(=O)O,1,0.0,https://github.com/ivandon15/syn_data/raw/main/pics/pos5_M337.png
458,M69,Algly,C=CC[C@H](N)C(=O)O,1,0.0,https://github.com/ivandon15/syn_data/raw/main/pics/pos5_M69.png
459,M406,,O=C(O)CNCCN1CCC(F)(F)CC1,1,0.0,https://github.com/ivandon15/syn_data/raw/main/pics/pos5_M406.png
460,M198,homoPhe(4-CF3-3-OMe),COc1cc(CC[C@H](N)C(=O)O)ccc1C(F)(F)F,1,0.0,https://github.com/ivandon15/syn_data/raw/main/pics/pos5_M198.png
461,M623,,CC[C@@](C)(N)C(=O)O,1,0.0,https://github.com/ivandon15/syn_data/raw/main/pics/pos5_M623.png
462,M115,,Cc1ccc(C[C@H](NCC2CC2)C(=O)O)cc1,1,0.0,https://github.com/ivandon15/syn_data/raw/main/pics/pos5_M115.png
463,M128,,Cc1ccc(C[C@H](NC(C)C)C(=O)O)cc1,1,0.0,https://github.com/ivandon15/syn_data/raw/main/pics/pos5_M128.png
464,M434,,N#Cc1cccc(C[C@H](N)C(=O)O)c1,1,0.0,https://github.com/ivandon15/syn_data/raw/main/pics/pos5_M434.png
465,M297,Aib,CC(C)(N)C(=O)O,1,0.0,https://github.com/ivandon15/syn_data/raw/main/pics/pos5_M297.png
466,M233,,Cc1cc(CC[C@H](N)C(=O)O)cc(C)c1C1CC1,1,0.0,https://github.com/ivandon15/syn_data/raw/main/pics/pos5_M233.png
467,M179,Phe(4-Et),CCc1ccc(C[C@H](N)C(=O)O)cc1,1,0.0,https://github.com/ivandon15/syn_data/raw/main/pics/pos5_M179.png
468,M218,,COc1cc(CC[C@H](N)C(=O)O)cc(F)c1C(F)F,1,0.0,https://github.com/ivandon15/syn_data/raw/main/pics/pos5_M218.png
469,M536,,C=C(C)C[C@H](N)C(=O)O,1,0.0,https://github.com/ivandon15/syn_data/raw/main/pics/pos5_M536.png
470,M321,Me-Ile,CC[C@H](C)[C@H](NC)C(=O)O,1,0.0,https://github.com/ivandon15/syn_data/raw/main/pics/pos5_M321.png
471,M314,aMe-Ser(allyl),C=CCOC[C@](C)(N)C(=O)O,1,0.0,https://github.com/ivandon15/syn_data/raw/main/pics/pos5_M314.png
472,M387,Ala(3-CN),N#CC[C@H](N)C(=O)O,1,0.0,https://github.com/ivandon15/syn_data/raw/main/pics/pos5_M387.png
473,M336,,O=C(O)C[C@H](NCCC1CCCC1)C(=O)O,1,0.0,https://github.com/ivandon15/syn_data/raw/main/pics/pos5_M336.png
474,M257,"Pro(3-hydroxy,trans)",O=C(O)[C@H]1NCC[C@@H]1O,1,0.0,https://github.com/ivandon15/syn_data/raw/main/pics/pos5_M257.png
475,M267,"Pro(3-hydroxy,cis)",O=C(O)[C@H]1NCC[C@H]1O,1,0.0,https://github.com/ivandon15/syn_data/raw/main/pics/pos5_M267.png
476,M473,,CS(=O)(=O)c1ccc(CC[C@H](N)C(=O)O)cc1,1,0.0,https://github.com/ivandon15/syn_data/raw/main/pics/pos5_M473.png
477,M196,homoPhe(4-Me),Cc1ccc(CC[C@H](N)C(=O)O)cc1,1,0.0,https://github.com/ivandon15/syn_data/raw/main/pics/pos5_M196.png
478,M327,D-Me-Gly(cPent),CNC(C(=O)O)C1CCCC1,1,0.0,https://github.com/ivandon15/syn_data/raw/main/pics/pos5_M327.png
479,M263,,O=C(O)[C@H]1NC[C@@H]2C[C@@H]21,1,0.0,https://github.com/ivandon15/syn_data/raw/main/pics/pos5_M263.png
480,M238,,Cc1sc2ccc(CC[C@H](N)C(=O)O)cc2c1C,1,0.0,https://github.com/ivandon15/syn_data/raw/main/pics/pos5_M238.png
481,M306,aMe-Gly(cPr),C[C@@](N)(C(=O)O)C1CC1,1,0.0,https://github.com/ivandon15/syn_data/raw/main/pics/pos5_M306.png
482,M312,aMe-Phe,C[C@](N)(Cc1ccccc1)C(=O)O,1,0.0,https://github.com/ivandon15/syn_data/raw/main/pics/pos5_M312.png
483,M178,D-Phe(4-CF3),N[C@H](Cc1ccc(C(F)(F)F)cc1)C(=O)O,1,0.0,https://github.com/ivandon15/syn_data/raw/main/pics/pos5_M178.png
484,M118,,Cc1ccc(C[C@H](NCC2CCCC2)C(=O)O)cc1,1,0.0,https://github.com/ivandon15/syn_data/raw/main/pics/pos5_M118.png
485,M311,aMe-Cha,C[C@](N)(CC1CCCCC1)C(=O)O,1,0.0,https://github.com/ivandon15/syn_data/raw/main/pics/pos5_M311.png
486,M190,D-Pro,O=C(O)[C@H]1CCCN1,1,0.0,https://github.com/ivandon15/syn_data/raw/main/pics/pos5_M190.png
487,M601,,O=C(O)[C@@H]1C[C@H](OCc2ccc(OC(F)F)cc2)CN1,1,0.0,https://github.com/ivandon15/syn_data/raw/main/pics/pos5_M601.png
488,M392,Ser(O-Isoamyl),CC(C)CCOC[C@H](N)C(=O)O,1,0.0,https://github.com/ivandon15/syn_data/raw/main/pics/pos5_M392.png
489,M232,,COc1cc(CC[C@H](N)C(=O)O)ccc1C1CC1,1,0.0,https://github.com/ivandon15/syn_data/raw/main/pics/pos5_M232.png
490,M305,homocLeu(4-F2),NC1(C(=O)O)CCC(F)(F)CC1,1,0.0,https://github.com/ivandon15/syn_data/raw/main/pics/pos5_M305.png
491,M82,Gly,NCC(=O)O,1,0.0,https://github.com/ivandon15/syn_data/raw/main/pics/pos5_M82.png
492,M300,isoVal,CC[C@](C)(N)C(=O)O,1,0.0,https://github.com/ivandon15/syn_data/raw/main/pics/pos5_M300.png
493,M164,"Phe(2-Me,4-F)",Cc1cc(F)ccc1C[C@H](N)C(=O)O,1,0.0,https://github.com/ivandon15/syn_data/raw/main/pics/pos5_M164.png
494,M260,,O=C(O)[C@@H]1C[C@H](N2CCC(F)(F)CC2)CN1,1,0.0,https://github.com/ivandon15/syn_data/raw/main/pics/pos5_M260.png
495,M324,Me-aIle,CC[C@@H](C)[C@H](NC)C(=O)O,1,0.0,https://github.com/ivandon15/syn_data/raw/main/pics/pos5_M324.png
496,M615,,CN1CCN(CCNCC(=O)O)CC1,1,0.0,https://github.com/ivandon15/syn_data/raw/main/pics/pos5_M615.png
497,M522,,CC(C)(C)[C@H](N)C(=O)O,1,0.0,https://github.com/ivandon15/syn_data/raw/main/pics/pos5_M522.png
498,M619,,O=C(O)CNCCN1CCNCC1,1,0.0,https://github.com/ivandon15/syn_data/raw/main/pics/pos5_M619.png
499,M534,,N[C@H](Cc1ccccc1)C(=O)O,1,0.0,https://github.com/ivandon15/syn_data/raw/main/pics/pos5_M534.png
500,M499,,C#Cc1cccc(C[C@H](N)C(=O)O)c1,1,0.0,https://github.com/ivandon15/syn_data/raw/main/pics/pos5_M499.png
501,M629,,C[C@](N)(Cc1cccc(I)c1)C(=O)O,1,0.0,https://github.com/ivandon15/syn_data/raw/main/pics/pos5_M629.png
502,M227,,CCc1ccc(CC[C@H](N)C(=O)O)cc1Cl,1,0.0,https://github.com/ivandon15/syn_data/raw/main/pics/pos5_M227.png
503,M212,,CCc1cc(CC[C@H](N)C(=O)O)ccc1C(F)(F)F,1,0.0,https://github.com/ivandon15/syn_data/raw/main/pics/pos5_M212.png
504,M99,(Me)Pro,C[C@@]1(C(=O)O)CCCN1,1,0.0,https://github.com/ivandon15/syn_data/raw/main/pics/pos5_M99.png
505,M121,,Cc1ccc(C[C@H](NCCC(C)(C)C)C(=O)O)cc1,1,0.0,https://github.com/ivandon15/syn_data/raw/main/pics/pos5_M121.png
506,M216,,Cc1cc(CC[C@H](N)C(=O)O)cc(F)c1C(F)F,1,0.0,https://github.com/ivandon15/syn_data/raw/main/pics/pos5_M216.png
507,M66,Alle,CC[C@@H](C)[C@H](N)C(=O)O,1,0.0,https://github.com/ivandon15/syn_data/raw/main/pics/pos5_M66.png
508,M272,,O=C(O)[C@H]1NCC[C@@H]1OCCC(F)(F)F,1,0.0,https://github.com/ivandon15/syn_data/raw/main/pics/pos5_M272.png
509,M65,Nva(3-Et),CCC(CC)[C@H](N)C(=O)O,1,0.0,https://github.com/ivandon15/syn_data/raw/main/pics/pos5_M65.png
510,M510,,C=CCOC(=O)CC[C@H](N)C(=O)O,1,0.0,https://github.com/ivandon15/syn_data/raw/main/pics/pos5_M510.png
511,M6,Me-Nva,CCC[C@H](NC)C(=O)O,1,0.0,https://github.com/ivandon15/syn_data/raw/main/pics/pos5_M6.png
512,M526,,C=CCOC(=O)C[C@H](NC)C(=O)O,1,0.0,https://github.com/ivandon15/syn_data/raw/main/pics/pos5_M526.png
513,M396,,CN[C@@H](C(=O)O)C(=O)N1CCCCC1,1,0.0,https://github.com/ivandon15/syn_data/raw/main/pics/pos5_M396.png
514,M239,,Cc1c(F)sc2ccc(CC[C@H](N)C(=O)O)cc12,1,0.0,https://github.com/ivandon15/syn_data/raw/main/pics/pos5_M239.png
515,M182,,CC(F)(F)c1ccc(C[C@H](N)C(=O)O)cc1,1,0.0,https://github.com/ivandon15/syn_data/raw/main/pics/pos5_M182.png
516,M485,,CC(C)(C)Oc1cc(CC[C@H](N)C(=O)O)cc(Cl)c1Cl,1,0.0,https://github.com/ivandon15/syn_data/raw/main/pics/pos5_M485.png
517,M276,,O=C(O)[C@H]1NCC[C@@H]1OCC(F)F,1,0.0,https://github.com/ivandon15/syn_data/raw/main/pics/pos5_M276.png
518,M55,Me-Hnl,CCCC[C@H](NC)C(=O)O,1,0.0,https://github.com/ivandon15/syn_data/raw/main/pics/pos5_M55.png
519,M391,Thr,C[C@@H](O)[C@H](N)C(=O)O,1,0.0,https://github.com/ivandon15/syn_data/raw/main/pics/pos5_M391.png
520,M507,,CNC(C(=O)O)C(C)O,1,0.0,https://github.com/ivandon15/syn_data/raw/main/pics/pos5_M507.png
521,M245,Nle,CCCC[C@H](N)C(=O)O,1,0.0,https://github.com/ivandon15/syn_data/raw/main/pics/pos5_M245.png
522,M29,Me-Ahxe(2),C=CCC[C@H](NC)C(=O)O,1,0.0,https://github.com/ivandon15/syn_data/raw/main/pics/pos5_M29.png
523,M511,,Cc1ccccc1C[C@H](N)C(=O)O,1,0.0,https://github.com/ivandon15/syn_data/raw/main/pics/pos5_M511.png
524,M330,,CCC(CC)C[C@H](NC)C(=O)O,1,0.0,https://github.com/ivandon15/syn_data/raw/main/pics/pos5_M330.png
525,M304,,NC1(C(=O)O)CC=CC1,1,0.0,https://github.com/ivandon15/syn_data/raw/main/pics/pos5_M304.png
526,M119,,Cc1ccc(C[C@H](NCC2CCCCC2)C(=O)O)cc1,1,0.0,https://github.com/ivandon15/syn_data/raw/main/pics/pos5_M119.png
527,M323,Me-Nva(3-Et),CCC(CC)[C@H](NC)C(=O)O,1,0.0,https://github.com/ivandon15/syn_data/raw/main/pics/pos5_M323.png
528,M224,,Cc1cc(CC[C@H](N)C(=O)O)ccc1C1CC1,1,0.0,https://github.com/ivandon15/syn_data/raw/main/pics/pos5_M224.png
529,M148,Phe(4-Me),Cc1ccc(C[C@H](N)C(=O)O)cc1,1,0.0,https://github.com/ivandon15/syn_data/raw/main/pics/pos5_M148.png
530,M240,,Cc1c(C)n(C)c2cc(CC[C@H](N)C(=O)O)ccc12,1,0.0,https://github.com/ivandon15/syn_data/raw/main/pics/pos5_M240.png
531,M341,Me-D-Asp,CN[C@H](CC(=O)O)C(=O)O,1,0.0,https://github.com/ivandon15/syn_data/raw/main/pics/pos5_M341.png
532,M531,,CN[C@H](CC(=O)N1CCC(F)(F)CC1)C(=O)O,1,0.0,https://github.com/ivandon15/syn_data/raw/main/pics/pos5_M531.png
533,M369,Me-Nle(Me),CCCCC[C@H](NC)C(=O)O,1,0.0,https://github.com/ivandon15/syn_data/raw/main/pics/pos5_M369.png
534,M315,aMe-Ser(tBu),CC(C)(C)OC[C@](C)(N)C(=O)O,1,0.0,https://github.com/ivandon15/syn_data/raw/main/pics/pos5_M315.png
535,M395,,CC(C)=CC[C@H](N)C(=O)O,1,0.0,https://github.com/ivandon15/syn_data/raw/main/pics/pos5_M395.png
536,M114,,Cc1ccc(C[C@H](NCC(C)C)C(=O)O)cc1,1,0.0,https://github.com/ivandon15/syn_data/raw/main/pics/pos5_M114.png
537,M397,,CC(C)CC[C@H](N)C(=O)O,1,0.0,https://github.com/ivandon15/syn_data/raw/main/pics/pos5_M397.png
538,M313,aMe-Ser(Me),COC[C@](C)(N)C(=O)O,1,0.0,https://github.com/ivandon15/syn_data/raw/main/pics/pos5_M313.png
539,M462,,COc1cccc(C[C@H](N)C(=O)O)c1,1,0.0,https://github.com/ivandon15/syn_data/raw/main/pics/pos5_M462.png
540,M54,Me-AOC(2),CCCCCC[C@H](NC)C(=O)O,1,0.0,https://github.com/ivandon15/syn_data/raw/main/pics/pos5_M54.png
541,M78,Ala,C[C@H](N)C(=O)O,1,0.0,https://github.com/ivandon15/syn_data/raw/main/pics/pos5_M78.png
542,M508,,CC(C)(C)NC(=O)COC[C@H](N)C(=O)O,1,0.0,https://github.com/ivandon15/syn_data/raw/main/pics/pos5_M508.png
543,M215,,Cc1cc(CC[C@H](N)C(=O)O)cc(C)c1C(F)F,1,0.0,https://github.com/ivandon15/syn_data/raw/main/pics/pos5_M215.png
544,M185,Phe(4-Ac),CC(=O)c1ccc(C[C@H](N)C(=O)O)cc1,1,0.0,https://github.com/ivandon15/syn_data/raw/main/pics/pos5_M185.png
545,M225,,CCc1ccc(CC[C@H](N)C(=O)O)cc1F,1,0.0,https://github.com/ivandon15/syn_data/raw/main/pics/pos5_M225.png
546,M561,,O=C(O)CNCCO,1,0.0,https://github.com/ivandon15/syn_data/raw/main/pics/pos5_M561.png
547,M22,Me-Ser(Et),CCOC[C@H](NC)C(=O)O,1,0.0,https://github.com/ivandon15/syn_data/raw/main/pics/pos5_M22.png
548,M184,Phe(4-iPr),CC(C)c1ccc(C[C@H](N)C(=O)O)cc1,1,0.0,https://github.com/ivandon15/syn_data/raw/main/pics/pos5_M184.png
549,M429,,Cc1cc(CC[C@H](N)C(=O)O)cc(Cl)c1C(F)(F)F,1,0.0,https://github.com/ivandon15/syn_data/raw/main/pics/pos5_M429.png
550,M479,,CCCCOc1cc(CC[C@H](N)C(=O)O)cc(Cl)c1Cl,1,0.0,https://github.com/ivandon15/syn_data/raw/main/pics/pos5_M479.png
551,M120,,Cc1ccc(C[C@H](NCCC(C)C)C(=O)O)cc1,1,0.0,https://github.com/ivandon15/syn_data/raw/main/pics/pos5_M120.png
552,M167,,COc1cc(F)ccc1C[C@H](N)C(=O)O,1,0.0,https://github.com/ivandon15/syn_data/raw/main/pics/pos5_M167.png
553,M72,Thr(nPr),CCCO[C@H](C)[C@H](N)C(=O)O,1,0.0,https://github.com/ivandon15/syn_data/raw/main/pics/pos5_M72.png
554,M450,,Cc1cc(F)cc(C[C@H](N)C(=O)O)c1,1,0.0,https://github.com/ivandon15/syn_data/raw/main/pics/pos5_M450.png
555,M242,,Cc1cn(C)c2cc(CC[C@H](N)C(=O)O)ccc12,1,0.0,https://github.com/ivandon15/syn_data/raw/main/pics/pos5_M242.png
556,M447,,Cc1ccc(Br)cc1C[C@H](N)C(=O)O,1,0.0,https://github.com/ivandon15/syn_data/raw/main/pics/pos5_M447.png
557,M515,,COc1ccccc1C[C@H](N)C(=O)O,1,0.0,https://github.com/ivandon15/syn_data/raw/main/pics/pos5_M515.png
558,M9,D-Me-Leu,CN[C@H](CC(C)C)C(=O)O,1,0.0,https://github.com/ivandon15/syn_data/raw/main/pics/pos5_M9.png
559,M230,,COc1cc(CC[C@H](N)C(=O)O)ccc1Cl,1,0.0,https://github.com/ivandon15/syn_data/raw/main/pics/pos5_M230.png
560,M59,Ile,CC[C@H](C)[C@H](N)C(=O)O,1,0.0,https://github.com/ivandon15/syn_data/raw/main/pics/pos5_M59.png
561,M489,,COc1ccc(CC[C@H](N)C(=O)O)cn1,1,0.0,https://github.com/ivandon15/syn_data/raw/main/pics/pos5_M489.png
562,M208,,Cc1cc(CC[C@H](N)C(=O)O)cc(C)c1Cl,1,0.0,https://github.com/ivandon15/syn_data/raw/main/pics/pos5_M208.png
563,M168,"Phe(3-methoxy,4-F)",COc1cc(C[C@H](N)C(=O)O)ccc1F,1,0.0,https://github.com/ivandon15/syn_data/raw/main/pics/pos5_M168.png
564,M310,aMe-Leu,CC(C)C[C@](C)(N)C(=O)O,1,0.0,https://github.com/ivandon15/syn_data/raw/main/pics/pos5_M310.png
565,M426,Phe(3-Me),Cc1cccc(C[C@H](N)C(=O)O)c1,1,0.0,https://github.com/ivandon15/syn_data/raw/main/pics/pos5_M426.png
566,M213,,COc1cc(CC[C@H](N)C(=O)O)cc(F)c1Cl,1,0.0,https://github.com/ivandon15/syn_data/raw/main/pics/pos5_M213.png
567,M372,Me-Abu(ethynyl),C#CCC[C@H](NC)C(=O)O,1,0.0,https://github.com/ivandon15/syn_data/raw/main/pics/pos5_M372.png
568,M386,Met(O2),CS(=O)(=O)CC[C@H](N)C(=O)O,1,0.0,https://github.com/ivandon15/syn_data/raw/main/pics/pos5_M386.png
569,M4,Leu,CC(C)C[C@H](N)C(=O)O,1,0.0,https://github.com/ivandon15/syn_data/raw/main/pics/pos5_M4.png
570,M459,,Cc1ccc(I)cc1C[C@H](N)C(=O)O,1,0.0,https://github.com/ivandon15/syn_data/raw/main/pics/pos5_M459.png
571,M214,,CCc1c(F)cc(CC[C@H](N)C(=O)O)cc1OC,1,0.0,https://github.com/ivandon15/syn_data/raw/main/pics/pos5_M214.png
572,M68,Val,CC(C)[C@H](N)C(=O)O,1,0.0,https://github.com/ivandon15/syn_data/raw/main/pics/pos5_M68.png
573,M521,,O=C(O)[C@H]1NCc2ccccc21,1,0.0,https://github.com/ivandon15/syn_data/raw/main/pics/pos5_M521.png
574,M624,,C=CC[C@](C)(N)C(=O)O,1,0.0,https://github.com/ivandon15/syn_data/raw/main/pics/pos5_M624.png
575,M393,Nva,CCC[C@H](N)C(=O)O,1,0.0,https://github.com/ivandon15/syn_data/raw/main/pics/pos5_M393.png
576,M30,Me-Ahpe(2),C=CCCC[C@H](NC)C(=O)O,1,0.0,https://github.com/ivandon15/syn_data/raw/main/pics/pos5_M30.png
577,M155,Tyr(Me),COc1ccc(C[C@H](N)C(=O)O)cc1,1,0.0,https://github.com/ivandon15/syn_data/raw/main/pics/pos5_M155.png
578,M249,aHyp(Et),CCO[C@@H]1CN[C@H](C(=O)O)C1,1,0.0,https://github.com/ivandon15/syn_data/raw/main/pics/pos5_M249.png
579,M56,Me-Ser(nPr),CCCOC[C@H](NC)C(=O)O,1,0.0,https://github.com/ivandon15/syn_data/raw/main/pics/pos5_M56.png
580,M298,cHex,NC1(C(=O)O)CCCCC1,1,0.0,https://github.com/ivandon15/syn_data/raw/main/pics/pos5_M298.png
581,M102,cisHyp(Me),CO[C@@H]1CN[C@H](C(=O)O)C1,1,0.0,https://github.com/ivandon15/syn_data/raw/main/pics/pos5_M102.png
582,M241,,Cn1ccc2cc(CC[C@H](N)C(=O)O)cc(Cl)c21,1,0.0,https://github.com/ivandon15/syn_data/raw/main/pics/pos5_M241.png
583,M632,,CN[C@@H](C(=O)O)C1CCCCC1,1,0.0,https://github.com/ivandon15/syn_data/raw/main/pics/pos5_M632.png
584,M274,,O=C(O)[C@H]1NCC[C@@H]1OCC1CC1,1,0.0,https://github.com/ivandon15/syn_data/raw/main/pics/pos5_M274.png
585,M100,D-Aze(2),O=C(O)[C@H]1CCN1,1,0.0,https://github.com/ivandon15/syn_data/raw/main/pics/pos5_M100.png
586,M516,,CC(C)(O)COC[C@H](N)C(=O)O,1,0.0,https://github.com/ivandon15/syn_data/raw/main/pics/pos5_M516.png
587,M31,Me-Aocte(2),C=CCCCC[C@H](NC)C(=O)O,1,0.0,https://github.com/ivandon15/syn_data/raw/main/pics/pos5_M31.png
588,M329,,CN[C@H](CC1CCC1)C(=O)O,1,0.0,https://github.com/ivandon15/syn_data/raw/main/pics/pos5_M329.png
589,M88,Aze(2)(3-Me2),CC1(C)CN[C@@H]1C(=O)O,1,0.0,https://github.com/ivandon15/syn_data/raw/main/pics/pos5_M88.png
590,M394,Pra,C#CC[C@H](N)C(=O)O,1,0.0,https://github.com/ivandon15/syn_data/raw/main/pics/pos5_M394.png
591,M540,,CN[C@H](CO)C(=O)O,1,0.0,https://github.com/ivandon15/syn_data/raw/main/pics/pos5_M540.png
592,M189,Me-D-Ala,CN[C@H](C)C(=O)O,1,0.0,https://github.com/ivandon15/syn_data/raw/main/pics/pos5_M189.png
593,M378,DL-Pip,O=C(O)C1CCCCN1,1,0.0,https://github.com/ivandon15/syn_data/raw/main/pics/pos5_M378.png
594,M502,,C=CCOC(=O)NCCCC[C@H](N)C(=O)O,1,0.0,https://github.com/ivandon15/syn_data/raw/main/pics/pos5_M502.png
595,M631,,CN[C@@H](C(=O)O)C(C)C,1,0.0,https://github.com/ivandon15/syn_data/raw/main/pics/pos5_M631.png
596,M415,Me-D-Cha,CN[C@H](CC1CCCCC1)C(=O)O,1,0.0,https://github.com/ivandon15/syn_data/raw/main/pics/pos5_M415.png
597,M236,,CCc1ccc(CC[C@H](N)C(=O)O)cc1OC,1,0.0,https://github.com/ivandon15/syn_data/raw/main/pics/pos5_M236.png
598,M293,"Pro(4-ethoxy,cis)",CCO[C@H]1CN[C@@H](C(=O)O)C1,1,0.0,https://github.com/ivandon15/syn_data/raw/main/pics/pos5_M293.png
599,M403,Me-Gln(Me),CNC(=O)CC[C@H](NC)C(=O)O,1,0.0,https://github.com/ivandon15/syn_data/raw/main/pics/pos5_M403.png
600,M524,,CCO[C@@H]1CC[C@@H](C(=O)O)N1,1,0.0,https://github.com/ivandon15/syn_data/raw/main/pics/pos5_M524.png
601,M316,D-aMe-Gly(allyl),C=CC[C@@](C)(N)C(=O)O,1,0.0,https://github.com/ivandon15/syn_data/raw/main/pics/pos5_M316.png
